tour,player,display_name,rank,name_match,rank_strength,overall_elo,overall_elo_pct,grass_elo,grass_elo_pct,recent_wins,recent_losses,recent_form,grass_wins_3y,grass_losses_3y,grass_form,wimbledon_wins_6y,wimbledon_losses_6y,wimbledon_form,form_30d,form_90d,form_180d,form_365d,rolling_form_5,rolling_form_10,grass_form_90d,grass_form_365d,form_trend_delta,grass_trend_delta,trend_bucket,model_score,quarterfinal_probability,hybrid_score
ATP,Sinner J.,"SINNER, Jannik (ITA)",1,exact,1.0,2218.556690429595,1.0,1786.1777281834675,0.990990990990991,74,4,0.9166666666666666,21,3,0.8,19,4,0.7586206896551724,0.5,0.8571428571428571,0.8666666666666667,0.9166666666666666,0.7142857142857143,0.7666666666666667,0.5,0.75,-0.059523809523809534,-0.25,slipping,0.9262057426885013,0.9476557062022064,0.9401482189724095
ATP,Djokovic N.,"DJOKOVIC, Novak (SRB)",3,exact,0.7735767856112634,1984.861549436174,0.990990990990991,2019.0586521050154,1.0,26,7,0.7435897435897436,16,3,0.76,30,3,0.8461538461538461,0.5555555555555556,0.5,0.6111111111111112,0.7435897435897436,0.42857142857142855,0.5666666666666667,0.5,0.6666666666666666,-0.2435897435897436,-0.16666666666666663,cooling,0.8150096333810111,0.6628966521330376,0.7161361955698283
ATP,Zverev A.,"ZVEREV, Alexander (GER)",2,exact,0.8571428571428572,1947.3074345080013,0.9819819819819819,1698.0909819040644,0.9459459459459459,55,19,0.725,17,8,0.6451612903225806,8,4,0.6111111111111112,0.7647058823529411,0.7567567567567568,0.7692307692307693,0.725,0.7142857142857143,0.7666666666666667,0.6,0.5454545454545454,0.03175675675675682,0.054545454545454564,improving,0.825714396424074,0.5726415373821683,0.6612170380468353
ATP,Fritz T.,"FRITZ, Taylor (USA)",7,exact,0.5989492968489136,1816.7972770148817,0.9369369369369369,1773.665679779284,0.9819819819819819,46,20,0.6805555555555556,30,8,0.75,15,5,0.6923076923076923,0.625,0.5882352941176471,0.6363636363636364,0.6805555555555556,0.7142857142857143,0.6333333333333333,0.6666666666666666,0.75,-0.0923202614379085,-0.08333333333333337,cooling,0.73764774530756,0.4073700122789903,0.5229672188389897
ATP,Shelton B.,"SHELTON, Ben (USA)",5,exact,0.6682959864446625,1795.8733467737188,0.9099099099099099,1639.0692040402407,0.8738738738738738,45,20,0.676056338028169,17,11,0.5882352941176471,8,3,0.6470588235294118,0.6666666666666666,0.6538461538461539,0.6829268292682927,0.676056338028169,0.7142857142857143,0.6333333333333333,0.6923076923076923,0.6842105263157895,-0.022210184182015147,0.0080971659919028,slipping,0.7275398319572298,0.36784612690013746,0.4937389236701198
ATP,Medvedev D.,"MEDVEDEV, Daniil",6,exact,0.6307196427541205,1825.6663870430496,0.9459459459459459,1695.5875719929686,0.9369369369369369,46,20,0.6805555555555556,18,8,0.65625,11,4,0.6666666666666666,0.5384615384615384,0.5714285714285714,0.6888888888888889,0.6805555555555556,0.5714285714285714,0.5666666666666667,0.5833333333333334,0.5384615384615384,-0.10912698412698418,0.044871794871794934,cooling,0.7305540951504728,0.3674634100396878,0.49454514982846254
ATP,Fils A.,"FILS, Arthur (FRA)",16,exact,0.4285714285714286,1884.8540460852612,0.972972972972973,1524.3787131240588,0.6126126126126126,22,7,0.7142857142857143,5,4,0.5333333333333333,2,2,0.5,0.5,0.7222222222222222,0.7272727272727273,0.7142857142857143,0.7142857142857143,0.7666666666666667,0.5,0.5,0.007936507936507908,0.0,stable,0.6074697554697556,0.2904504018492748,0.40140717561644307
ATP,De Minaur A.,"DE MINAUR, Alex (AUS)",8,exact,0.5714285714285714,1790.3048973796808,0.9009009009009009,1698.3854558310284,0.954954954954955,46,23,0.6533333333333333,17,7,0.6666666666666666,10,4,0.65,0.6,0.5769230769230769,0.625,0.6533333333333333,0.5714285714285714,0.5666666666666667,0.6153846153846154,0.6470588235294118,-0.07641025641025645,-0.03167420814479638,slipping,0.7033865557865558,0.2899835295344622,0.434674588722695
ATP,Rublev A.,"RUBLEV, Andrey",11,exact,0.5057954830518145,1736.4927354018746,0.8288288288288288,1630.02352045005,0.8558558558558559,36,23,0.6,9,7,0.5454545454545454,10,4,0.65,0.5454545454545454,0.6086956521739131,0.6153846153846154,0.6,0.5714285714285714,0.5666666666666667,0.42857142857142855,0.5454545454545454,0.008695652173913104,-0.11688311688311687,stable,0.6422747773780625,0.2410164676708221,0.3814568760683562
ATP,Paul T.,"PAUL, Tommy (USA)",23,exact,0.3537768634204267,1813.671863336841,0.9279279279279279,1670.8197407540217,0.9009009009009009,32,16,0.6481481481481481,21,8,0.6857142857142857,10,4,0.65,0.6428571428571429,0.6666666666666666,0.6739130434782609,0.6481481481481481,0.7142857142857143,0.6333333333333333,0.6363636363636364,0.5714285714285714,0.01851851851851849,0.06493506493506496,stable,0.6362069683893443,0.23542339685491814,0.3756976468919673
ATP,Auger-Aliassime F.,"AUGER-ALIASSIME, Felix (CAN)",4,exact,0.7142857142857143,1809.1022783585656,0.918918918918919,1603.1785456911566,0.8108108108108109,50,20,0.6973684210526315,9,8,0.5217391304347826,4,5,0.4666666666666667,0.625,0.5652173913043478,0.6585365853658537,0.6973684210526315,0.5714285714285714,0.6333333333333333,0.5454545454545454,0.5625,-0.13215102974828374,-0.017045454545454586,cooling,0.7087262987079921,0.23006904617747068,0.3975990845631532
ATP,Tiafoe F.,"TIAFOE, Frances (USA)",18,exact,0.40429642836538393,1781.7591528700314,0.8918918918918919,1666.0636535569515,0.8918918918918919,38,18,0.6612903225806451,13,6,0.64,10,5,0.6190476190476191,0.7222222222222222,0.6538461538461539,0.6808510638297872,0.6612903225806451,0.8571428571428571,0.7,0.7142857142857143,0.6875,-0.007444168734491274,0.0267857142857143,stable,0.6427806452266264,0.2255111071582259,0.37155544548216607
ATP,Cobolli F.,"COBOLLI, Flavio (ITA)",10,exact,0.5254388435875196,1732.8261924118735,0.8198198198198198,1561.5927226257263,0.6936936936936937,35,24,0.5846153846153846,9,8,0.5217391304347826,5,2,0.6153846153846154,0.6153846153846154,0.6296296296296297,0.6097560975609756,0.5846153846153846,0.5714285714285714,0.5666666666666667,0.42857142857142855,0.5384615384615384,0.045014245014245,-0.10989010989010989,improving,0.6154010109118131,0.20380227123461198,0.34786183012163235
ATP,Bublik A.,"BUBLIK, Alexander (KAZ)",9,exact,0.5471535712225267,1739.975028186583,0.8378378378378378,1684.0415310585454,0.918918918918919,40,20,0.6515151515151515,16,7,0.6551724137931034,9,5,0.6,0.45454545454545453,0.47619047619047616,0.5789473684210527,0.6515151515151515,0.42857142857142855,0.5,0.5,0.45454545454545453,-0.17532467532467533,0.04545454545454547,cooling,0.6641621196221164,0.19642691252694452,0.36013423501025466
ATP,Lehecka J.,"LEHECKA, Jiri (CZE)",12,exact,0.4878624998969776,1767.7376240573242,0.8648648648648649,1607.2510228433428,0.8288288288288288,33,20,0.6101694915254238,13,5,0.6666666666666666,4,2,0.5833333333333334,0.5,0.5833333333333334,0.6111111111111112,0.6101694915254238,0.5714285714285714,0.5,0.5454545454545454,0.5384615384615384,-0.026836158192090398,0.006993006993006978,slipping,0.6394799989598512,0.19111824353995802,0.34804485793692064
ATP,Ruud C.,"RUUD, Casper (NOR)",15,exact,0.4418727720559259,1829.9107221629667,0.954954954954955,1468.8472161867971,0.14414414414414414,35,16,0.6666666666666666,2,2,0.5,3,4,0.46153846153846156,0.6,0.7307692307692307,0.6578947368421053,0.6666666666666666,0.5714285714285714,0.6333333333333333,0.5,0.5,0.0641025641025641,0.0,improving,0.5177455467059875,0.17939257017772817,0.2978161119626189
ATP,Jodar R.,"JODAR, Rafael (ESP)",26,exact,0.3285086116941296,1714.8219945035823,0.8108108108108109,1500.0,0.40540540540540543,23,10,0.6666666666666666,0,0,0.5,0,0,0.5,0.6363636363636364,0.75,0.6666666666666666,0.6666666666666666,0.7142857142857143,0.6333333333333333,0.5,0.5,0.08333333333333337,0.0,surging,0.5058917543429753,0.15217799630721499,0.2759778116197311
ATP,Tien L.,"TIEN, Learner (USA)",17,exact,0.4160767369642372,1749.9035106002761,0.8558558558558559,1506.6207479669122,0.5225225225225225,42,21,0.6521739130434783,4,4,0.5,1,1,0.5,0.5454545454545454,0.6190476190476191,0.6216216216216216,0.6521739130434783,0.5714285714285714,0.6333333333333333,0.5,0.5384615384615384,-0.0331262939958592,-0.038461538461538436,slipping,0.550933547695988,0.15164704848902172,0.2913973232114599
ATP,Khachanov K.,"KHACHANOV, Karen",13,exact,0.4713657545512725,1651.5545682828295,0.6756756756756757,1614.5384137748244,0.8468468468468469,28,22,0.5535714285714286,8,7,0.5238095238095238,8,3,0.6470588235294118,0.5,0.5,0.5,0.5535714285714286,0.42857142857142855,0.5666666666666667,0.42857142857142855,0.5833333333333334,-0.0535714285714286,-0.15476190476190482,slipping,0.5871867047555728,0.14723623097649444,0.30121889679917185
ATP,Darderi L.,"DARDERI, Luciano (ITA)",14,exact,0.45609215399177083,1677.2632361239982,0.7477477477477478,1476.6925824240152,0.1891891891891892,37,24,0.5970149253731343,4,7,0.4117647058823529,3,2,0.5454545454545454,0.5,0.5652173913043478,0.6,0.5970149253731343,0.5714285714285714,0.6333333333333333,0.5,0.5,-0.03179753406878649,0.0,slipping,0.47871222250002904,0.12731267522321998,0.2503025167701031
ATP,Mensik J.,"MENSIK, Jakub (CZE)",25,exact,0.3365919728893251,1776.969176160635,0.8738738738738738,1504.0723661125996,0.4954954954954955,31,14,0.6666666666666666,6,8,0.45,2,2,0.5,0.6153846153846154,0.5789473684210527,0.6756756756756757,0.6666666666666666,0.5714285714285714,0.5666666666666667,0.42857142857142855,0.5,-0.08771929824561397,-0.07142857142857145,cooling,0.5191056294521768,0.11613106484347632,0.25717216245652147
ATP,Norrie C.,"NORRIE, Cameron (GBR)",19,exact,0.39315321236520206,1666.8638505346157,0.7297297297297297,1601.7931890742204,0.8018018018018018,29,25,0.5333333333333333,7,8,0.47619047619047616,14,5,0.68,0.42857142857142855,0.47058823529411764,0.5,0.5333333333333333,0.2857142857142857,0.43333333333333335,0.42857142857142855,0.5384615384615384,-0.06274509803921569,-0.10989010989010989,slipping,0.5569858928082023,0.11510908351993954,0.26976596677083153
ATP,Davidovich Fokina A.,"DAVIDOVICH FOKINA, Alejandro (ESP)",20,exact,0.3825817007303768,1694.7744151645163,0.7657657657657657,1554.9995774924466,0.6846846846846847,34,22,0.5967741935483871,9,7,0.5454545454545454,5,4,0.5333333333333333,0.5,0.5,0.5454545454545454,0.5967741935483871,0.42857142857142855,0.5,0.5,0.5882352941176471,-0.09677419354838712,-0.08823529411764708,cooling,0.5421934989244975,0.09796498501793319,0.2534449648852307
ATP,Blockx A.,"BLOCKX, Alexander (BEL)",33,exact,0.27937226866307807,1617.451136421783,0.5675675675675675,1482.2027460338052,0.2072072072072072,13,8,0.5925925925925926,0,1,0.42857142857142855,0,0,0.5,0.5714285714285714,0.6666666666666666,0.6363636363636364,0.5925925925925926,0.5714285714285714,0.7,0.5,0.5,0.07407407407407407,0.0,improving,0.3941305005964677,0.09122700076820968,0.1972432257081
ATP,Kokkinakis T.,"KOKKINAKIS, Thanasi (AUS) PR",77,surname_initial,0.10474477990072828,1702.2954517418918,0.7837837837837838,1534.410275343417,0.6396396396396397,2,0,0.625,1,0,0.5714285714285714,2,1,0.5555555555555556,0.5714285714285714,0.5714285714285714,0.625,0.625,0.7142857142857143,0.6333333333333333,0.5,0.5,-0.0535714285714286,0.0,slipping,0.4616871844886475,0.08178443884193985,0.2147503998182875
ATP,Fonseca J.,"FONSECA, Joao (BRA)",27,exact,0.32073035683379014,1703.5714907458914,0.7927927927927928,1484.831003134934,0.25225225225225223,23,18,0.5531914893617021,3,5,0.42857142857142855,2,1,0.5555555555555556,0.5833333333333334,0.5714285714285714,0.5483870967741935,0.5531914893617021,0.5714285714285714,0.5,0.42857142857142855,0.5,0.018237082066869248,-0.07142857142857145,stable,0.4515549383626884,0.07591659656918043,0.20739001619690822
ATP,Nakashima B.,"NAKASHIMA, Brandon (USA)",30,exact,0.299015629198783,1665.4991071053676,0.7207207207207207,1604.1026109166885,0.8198198198198198,31,25,0.5483870967741935,14,10,0.5666666666666667,7,5,0.5555555555555556,0.6153846153846154,0.55,0.5675675675675675,0.5483870967741935,0.5714285714285714,0.5666666666666667,0.6,0.6153846153846154,0.001612903225806539,-0.015384615384615441,stable,0.5345182403496488,0.07590207988025852,0.2364177360445451
ATP,Cerundolo F.,"CERUNDOLO, Francisco (ARG)",24,exact,0.3450053570398348,1780.9682136806846,0.8828828828828829,1569.8942448105615,0.7297297297297297,36,19,0.639344262295082,10,6,0.5909090909090909,1,4,0.36363636363636365,0.7142857142857143,0.6296296296296297,0.6818181818181818,0.639344262295082,0.8571428571428571,0.6333333333333333,0.7272727272727273,0.6666666666666666,-0.00971463266545236,0.06060606060606066,stable,0.5674383712458145,0.07408294121407366,0.24675734172518296
ATP,Cilic M.,"CILIC, Marin (CRO)",40,exact,0.23972455787323388,1657.2044050805862,0.7027027027027027,1751.1686479049965,0.972972972972973,19,19,0.5,5,3,0.5714285714285714,5,2,0.6153846153846154,0.45454545454545453,0.47058823529411764,0.5161290322580645,0.5,0.42857142857142855,0.43333333333333335,0.5,0.5714285714285714,-0.02941176470588236,-0.0714285714285714,slipping,0.5313242021956183,0.06485515040761271,0.22811931853341466
ATP,Tabilo A.,"TABILO, Alejandro (CHI)",32,exact,0.2857142857142857,1644.34840906508,0.6576576576576577,1546.5764054176134,0.6576576576576577,24,20,0.54,7,3,0.625,3,2,0.5454545454545454,0.5,0.47058823529411764,0.5405405405405406,0.54,0.42857142857142855,0.43333333333333335,0.42857142857142855,0.42857142857142855,-0.0694117647058824,0.0,slipping,0.48560898079133374,0.059553168775965344,0.20867270298134427
ATP,Humbert U.,"HUMBERT, Ugo (FRA)",31,exact,0.292257669944732,1698.6477787379624,0.7747747747747747,1595.628939328149,0.7927927927927928,29,23,0.5517241379310345,15,12,0.5454545454545454,5,5,0.5,0.5714285714285714,0.5217391304347826,0.5476190476190477,0.5517241379310345,0.5714285714285714,0.5666666666666667,0.5833333333333334,0.5625,-0.02998500749625188,0.02083333333333337,slipping,0.5302773883324097,0.05925346014234794,0.22411183500886955
ATP,Tirante T.A.,"TIRANTE, Thiago Agustin (ARG)",52,exact,0.1856514688369868,1626.070096871695,0.5945945945945946,1500.0,0.4594594594594595,15,11,0.5625,0,0,0.5,0,0,0.5,0.5555555555555556,0.6190476190476191,0.5862068965517241,0.5625,0.42857142857142855,0.5666666666666667,0.5,0.5,0.05654761904761907,0.0,improving,0.4071144055656265,0.05857426272460911,0.1805633127189652
ATP,Majchrzak K.,"MAJCHRZAK, Kamil (POL)",69,exact,0.12735364903169,1652.067089039881,0.6846846846846847,1593.1996789600812,0.7657657657657657,23,18,0.5531914893617021,8,2,0.6875,3,2,0.5454545454545454,0.6153846153846154,0.5625,0.5357142857142857,0.5531914893617021,0.7142857142857143,0.5666666666666667,0.6666666666666666,0.6875,0.009308510638297851,-0.02083333333333337,stable,0.4726275246748952,0.057516837484940686,0.20280557800142476
ATP,Buse I.,"BUSE, Ignacio (PER)",51,exact,0.1896535225755006,1610.0320194878684,0.5405405405405406,1506.9797026221877,0.5315315315315315,16,13,0.5428571428571428,1,1,0.5,0,0,0.5,0.4444444444444444,0.5714285714285714,0.5517241379310345,0.5428571428571428,0.5714285714285714,0.6333333333333333,0.5,0.5,0.02857142857142858,0.0,improving,0.40938617725043003,0.05683391590036757,0.18022720737288941
ATP,Molcan A.,"MOLCAN, Alex (SVK)",98,exact,0.05504145084068446,1650.7951871134123,0.6666666666666666,1490.3192747645978,0.32432432432432434,5,2,0.6153846153846154,0,1,0.42857142857142855,2,2,0.5,0.5,0.6153846153846154,0.6153846153846154,0.6153846153846154,0.5714285714285714,0.5,0.5,0.5,0.0,0.0,stable,0.3565955172092643,0.05111612897518712,0.15803391485711413
ATP,Van De Zandschulp B.,"VAN DE ZANDSCHULP, Botic (NED)",47,exact,0.2064873069031946,1621.5344191509198,0.5765765765765766,1508.4644854733394,0.5405405405405406,25,22,0.5283018867924528,4,7,0.4117647058823529,7,5,0.5555555555555556,0.4,0.5263157894736842,0.5161290322580645,0.5283018867924528,0.2857142857142857,0.43333333333333335,0.4444444444444444,0.45454545454545453,-0.0019860973187686426,-0.01010101010101011,stable,0.4125241977772185,0.04897313483306388,0.176216006863518
ATP,Rinderknech A.,"RINDERKNECH, Arthur (FRA)",21,exact,0.37252608246017704,1643.7785805940746,0.6486486486486487,1505.8425532819892,0.5135135135135135,26,23,0.5272727272727272,11,12,0.4827586206896552,3,5,0.42857142857142855,0.4,0.5,0.4230769230769231,0.5272727272727272,0.2857142857142857,0.5,0.375,0.46153846153846156,-0.027272727272727226,-0.08653846153846156,slipping,0.46813499668910996,0.04855872825086687,0.19541042220425195
ATP,Navone M.,"NAVONE, Mariano (ARG)",38,exact,0.25029606950805916,1640.0341223601013,0.6396396396396397,1463.2934732909773,0.11711711711711711,20,21,0.48936170212765956,1,4,0.36363636363636365,1,2,0.4444444444444444,0.5,0.6666666666666666,0.5294117647058824,0.48936170212765956,0.5714285714285714,0.6333333333333333,0.5,0.5,0.17730496453900707,0.0,surging,0.36559399295522615,0.04624226391511618,0.15801536907915467
ATP,Berrettini M.,"BERRETTINI, Matteo (ITA)",99,exact,0.05294905427434149,1705.5732746549925,0.8018018018018018,1739.6976010291396,0.963963963963964,17,16,0.5128205128205128,9,5,0.6,10,4,0.65,0.7,0.5333333333333333,0.5384615384615384,0.5128205128205128,0.7142857142857143,0.5,0.5,0.42857142857142855,0.02051282051282055,0.07142857142857145,improving,0.5009827414200863,0.043548622365843545,0.2036505640348285
ATP,Prizmic D.,"PRIZMIC, Dino (CRO)",65,exact,0.1396617409959351,1583.3270062388633,0.42342342342342343,1500.0,0.44144144144144143,12,10,0.5357142857142857,0,0,0.5,0,0,0.5,0.5,0.5882352941176471,0.5454545454545454,0.5357142857142857,0.5714285714285714,0.5666666666666667,0.5,0.5,0.05252100840336138,0.0,improving,0.35692946772269296,0.0424666479221475,0.15252863485233842
ATP,Dimitrov G.,"DIMITROV, Grigor (BUL)",110,exact,0.03123432663933423,1740.2766322521738,0.8468468468468469,1687.533833622097,0.9279279279279279,6,8,0.45,10,2,0.7222222222222222,10,2,0.7222222222222222,0.5,0.375,0.3125,0.45,0.2857142857142857,0.3,0.5,0.6666666666666666,-0.07500000000000001,-0.16666666666666663,slipping,0.4858129047965573,0.03853284877956206,0.1950808683855104
ATP,Shapovalov D.,"SHAPOVALOV, Denis (CAN)",34,exact,0.2732195941070943,1608.92514929176,0.5225225225225225,1522.9212545150303,0.6036036036036037,20,21,0.48936170212765956,8,8,0.5,10,5,0.6190476190476191,0.4,0.375,0.42857142857142855,0.48936170212765956,0.2857142857142857,0.36666666666666664,0.4444444444444444,0.4,-0.11436170212765956,0.0444444444444444,cooling,0.43371616413031583,0.03793623519514324,0.17645921032245362
ATP,Etcheverry T.,"ETCHEVERRY, Tomas Martin (ARG)",22,surname_initial,0.36293834019467175,1656.8643788435684,0.6936936936936937,1436.108658029746,0.009009009009009009,30,24,0.55,4,10,0.35,2,4,0.4166666666666667,0.375,0.47619047619047616,0.575,0.55,0.2857142857142857,0.36666666666666664,0.42857142857142855,0.3333333333333333,-0.07380952380952388,0.09523809523809523,slipping,0.3787850962796857,0.037853391732285156,0.15717948832387535
ATP,Hurkacz H.,"HURKACZ, Hubert (POL)",70,exact,0.1243881404364332,1681.4188445694645,0.7567567567567568,1673.4193028286127,0.9099099099099099,6,12,0.375,10,4,0.65,9,3,0.6666666666666666,0.45454545454545453,0.47058823529411764,0.375,0.375,0.42857142857142855,0.43333333333333335,0.4444444444444444,0.4444444444444444,0.09558823529411764,0.0,surging,0.4910890432673329,0.03676040259836061,0.19577542683250088
ATP,Medjedovic H.,"MEDJEDOVIC, Hamad (SRB)",50,exact,0.19373483003218217,1630.9792290374376,0.6216216216216216,1515.3796499658285,0.5765765765765766,17,17,0.5,4,4,0.5,0,1,0.42857142857142855,0.5,0.5789473684210527,0.5,0.5,0.42857142857142855,0.5666666666666667,0.5,0.5454545454545454,0.07894736842105265,-0.045454545454545414,improving,0.42143638878293604,0.03663667396921483,0.17131657415401724
ATP,Droguet T.,"DROGUET, Titouan (FRA)",102,exact,0.04679637971835782,1551.5801954449112,0.27927927927927926,1500.0,0.38738738738738737,7,4,0.5882352941176471,0,0,0.5,0,0,0.5,0.42857142857142855,0.5,0.5714285714285714,0.5882352941176471,0.42857142857142855,0.5666666666666667,0.5,0.5,-0.08823529411764708,0.0,cooling,0.28719918353402457,0.03635870186337547,0.12415287044810265
ATP,Draper J.,"DRAPER, Jack (GBR)",68,exact,0.13036245124995138,1872.864869863362,0.963963963963964,1636.061412032101,0.8648648648648649,5,4,0.5333333333333333,11,4,0.6666666666666666,2,4,0.4166666666666667,0.5,0.5,0.5384615384615384,0.5333333333333333,0.5714285714285714,0.5,0.5,0.42857142857142855,-0.033333333333333326,0.07142857142857145,slipping,0.520988720881596,0.03516919960942289,0.20520603205468346
ATP,Munar J.,"MUNAR, Jaume (ESP)",36,exact,0.261439285508241,1628.9732272879849,0.6126126126126126,1442.6606330730556,0.02702702702702703,22,20,0.5208333333333334,4,7,0.4117647058823529,5,5,0.5,0.375,0.4,0.4782608695652174,0.5208333333333334,0.42857142857142855,0.36666666666666664,0.42857142857142855,0.45454545454545453,-0.12083333333333335,-0.025974025974025983,cooling,0.3400838066736208,0.03210228593781848,0.1398958181953493
ATP,Michelsen A.,"MICHELSEN, Alex (USA)",37,exact,0.25579237633872143,1670.506849323579,0.7387387387387387,1568.4340570493769,0.7207207207207207,27,24,0.5263157894736842,14,11,0.5483870967741935,0,2,0.375,0.5555555555555556,0.5,0.5675675675675675,0.5263157894736842,0.5714285714285714,0.5,0.5,0.5,-0.02631578947368418,0.0,slipping,0.48634404008019133,0.031775950165712025,0.19087478163577976
ATP,Landaluce M.,"LANDALUCE, Martin (ESP)",61,exact,0.15275180891958762,1549.2564924561261,0.2702702702702703,1491.7944255092386,0.34234234234234234,11,9,0.5384615384615384,1,2,0.4444444444444444,0,0,0.5,0.5,0.47368421052631576,0.5652173913043478,0.5384615384615384,0.42857142857142855,0.5666666666666667,0.4444444444444444,0.4444444444444444,-0.06477732793522267,0.0,slipping,0.30399101473690804,0.03152103025903556,0.12688552482629092
ATP,Collignon R.,"COLLIGNON, Raphael (BEL)",58,exact,0.16314557212463254,1611.0299400247202,0.5495495495495496,1518.0106996369632,0.5945945945945946,14,13,0.5151515151515151,2,2,0.5,0,1,0.42857142857142855,0.5833333333333334,0.5714285714285714,0.5714285714285714,0.5151515151515151,0.5714285714285714,0.5666666666666667,0.5555555555555556,0.5,0.05627705627705626,0.05555555555555558,improving,0.40505016001324995,0.02992616892051368,0.16121956580297137
ATP,Merida Aguilar D.,"MERIDA, Daniel (ESP)",79,manual_alias,0.09945989311755665,1526.2351289353307,0.23423423423423423,1500.0,0.42342342342342343,5,5,0.5,0,0,0.5,0,0,0.5,0.42857142857142855,0.5333333333333333,0.5,0.5,0.42857142857142855,0.5,0.5,0.5,0.033333333333333326,0.0,improving,0.2975373374443664,0.02779285290617441,0.1222034224945416
ATP,Tsitsipas S.,"TSITSIPAS, Stefanos (GRE)",74,exact,0.11293523348157841,1663.63599284696,0.7117117117117117,1579.8382159843104,0.7477477477477478,12,17,0.42857142857142855,6,5,0.5294117647058824,6,4,0.5625,0.42857142857142855,0.4375,0.4482758620689655,0.42857142857142855,0.2857142857142857,0.43333333333333335,0.5,0.5,0.008928571428571452,0.0,stable,0.435508558156499,0.027402859161034663,0.17023985380944717
ATP,Burruchaga R.,"BURRUCHAGA, Roman Andres (ARG)",60,surname_initial,0.1561584863416402,1520.9305373649117,0.2072072072072072,1500.0,0.3783783783783784,8,8,0.5,0,0,0.5,0,0,0.5,0.42857142857142855,0.5,0.47368421052631576,0.5,0.2857142857142857,0.43333333333333335,0.5,0.5,0.0,0.0,stable,0.2988682078286486,0.026238904057886824,0.12165916037765344
ATP,Moutet C.,"MOUTET, Corentin (FRA)",29,exact,0.30600271498177534,1602.6426077259143,0.4954954954954955,1547.759105487953,0.6666666666666666,25,26,0.49122807017543857,11,8,0.56,2,3,0.45454545454545453,0.4444444444444444,0.3888888888888889,0.36,0.49122807017543857,0.2857142857142857,0.36666666666666664,0.5,0.6,-0.10233918128654967,-0.09999999999999998,cooling,0.4418129194917989,0.025388661164483694,0.17113715157904402
ATP,Hanfmann Y.,"HANFMANN, Yannick (GER)",49,exact,0.19789859369782736,1632.1630305027502,0.6306306306306306,1484.6458649267518,0.24324324324324326,21,15,0.5714285714285714,6,9,0.42857142857142855,0,3,0.3333333333333333,0.45454545454545453,0.5,0.5333333333333333,0.5714285714285714,0.42857142857142855,0.43333333333333335,0.5,0.5,-0.0714285714285714,0.0,slipping,0.35683806745181457,0.02383583446441928,0.14038661601000763
ATP,Sonego L.,"SONEGO, Lorenzo (ITA)",63,exact,0.14610286807144046,1571.9958482290251,0.38738738738738737,1564.2960431701542,0.7117117117117117,19,22,0.46808510638297873,8,10,0.4583333333333333,9,5,0.6,0.4444444444444444,0.35714285714285715,0.3888888888888889,0.46808510638297873,0.2857142857142857,0.36666666666666664,0.42857142857142855,0.5384615384615384,-0.11094224924012158,-0.10989010989010989,cooling,0.3790243328377915,0.02328976856374143,0.14779686605965894
ATP,Vallejo D.,"VALLEJO, Adolfo Daniel (PAR)",64,manual_alias,0.1428571428571429,1514.7722632062123,0.18018018018018017,1500.0,0.46846846846846846,3,4,0.46153846153846156,0,0,0.5,0,0,0.5,0.42857142857142855,0.5,0.46153846153846156,0.46153846153846156,0.42857142857142855,0.4583333333333333,0.5,0.5,0.038461538461538436,0.0,improving,0.30470943470943473,0.02233963105457442,0.12116906233377553
ATP,Atmane T.,"ATMANE, Terence (FRA)",45,exact,0.21544955766718932,1570.6876206095671,0.3783783783783784,1492.3412269889764,0.35135135135135137,18,23,0.44680851063829785,1,2,0.4444444444444444,0,0,0.5,0.4,0.42105263157894735,0.4375,0.44680851063829785,0.2857142857142857,0.43333333333333335,0.4444444444444444,0.4444444444444444,-0.025755879059350506,0.0,slipping,0.3323249829947634,0.021868662833289153,0.13052837488980512
ATP,Fucsovics M.,"FUCSOVICS, Marton (HUN)",53,exact,0.1817256493481143,1607.1723000924126,0.5045045045045045,1588.9588914013361,0.7567567567567568,17,19,0.47619047619047616,7,6,0.5263157894736842,7,5,0.5555555555555556,0.4,0.3076923076923077,0.38461538461538464,0.47619047619047616,0.2857142857142857,0.3,0.4444444444444444,0.5,-0.16849816849816845,-0.05555555555555558,cooling,0.41772337782826496,0.021027977818288926,0.15987136782178055
ATP,Struff J.L.,"STRUFF, Jan-Lennard (GER)",71,exact,0.12146469721361675,1589.143467214482,0.44144144144144143,1595.1253545137793,0.7837837837837838,14,17,0.4594594594594595,10,6,0.5909090909090909,4,4,0.5,0.5,0.4666666666666667,0.36363636363636365,0.4594594594594595,0.42857142857142855,0.43333333333333335,0.5,0.5454545454545454,0.007207207207207189,-0.045454545454545414,stable,0.401568783565927,0.02036720111614387,0.15378775497356797
ATP,Bellucci M.,"BELLUCCI, Mattia (ITA)",66,exact,0.13651512580593528,1554.6849296358457,0.2882882882882883,1531.5463965341885,0.6306306306306306,14,19,0.4358974358974359,6,6,0.5,2,2,0.5,0.5,0.5,0.4230769230769231,0.4358974358974359,0.5714285714285714,0.5,0.5454545454545454,0.5625,0.0641025641025641,-0.017045454545454586,improving,0.35044945691542406,0.0195984612124413,0.13539630970848526
ATP,Bonzi B.,"BONZI, Benjamin (FRA)",90,exact,0.07259241481004641,1628.3357290311817,0.6036036036036037,1515.5560364406242,0.5855855855855856,13,13,0.5,3,6,0.4,3,4,0.46153846153846156,0.5,0.5,0.4666666666666667,0.5,0.42857142857142855,0.5,0.5555555555555556,0.5,0.0,0.05555555555555558,stable,0.371648200580019,0.01916260649882623,0.1425325644272437
ATP,"ENTRY::GILL, Felix (GBR)","GILL, Felix (GBR)",112,no_history,0.02752072542034234,1500.0,0.09009009009009009,1500.0,0.3963963963963964,0,0,0.5,0,0,0.5,0,0,0.5,0.5,0.5,0.5,0.5,0.5,0.5,0.5,0.5,0.0,0.0,stable,0.2426854429923166,0.018752698147142997,0.09712915884295376
ATP,Mannarino A.,"MANNARINO, Adrian (FRA)",39,exact,0.24494254016253592,1556.2512078742998,0.2972972972972973,1612.2151801328582,0.8378378378378378,20,26,0.4423076923076923,16,11,0.5757575757575758,4,4,0.5,0.5384615384615384,0.3684210526315789,0.3939393939393939,0.4423076923076923,0.5714285714285714,0.43333333333333335,0.5833333333333334,0.6,-0.07388663967611336,-0.016666666666666607,slipping,0.4202408887161189,0.01755441059142862,0.15849467793507022
ATP,Diallo G.,"DIALLO, Gabriel (CAN)",42,exact,0.22966893960303414,1585.1891645995233,0.43243243243243246,1550.1834092355825,0.6756756756756757,15,24,0.4,9,7,0.5454545454545454,1,1,0.5,0.375,0.3333333333333333,0.34782608695652173,0.4,0.2857142857142857,0.36666666666666664,0.375,0.46153846153846156,-0.06666666666666671,-0.08653846153846156,slipping,0.3989350112132624,0.017414594704835012,0.1509467404827846
ATP,Mpetshi Perricard G.,"MPETSHI PERRICARD, Giovanni (FRA)",72,exact,0.11858214265109823,1497.33225784516,0.08108108108108109,1500.0,0.43243243243243246,0,1,0.42857142857142855,0,0,0.5,0,0,0.5,0.5,0.5,0.5,0.42857142857142855,0.3333333333333333,0.4166666666666667,0.5,0.5,0.07142857142857145,0.0,improving,0.2681925961353515,0.01708698148600547,0.10497394661327658
ATP,Griekspoor T.,"GRIEKSPOOR, Tallon (NED)",28,exact,0.3132350111346279,1609.9625088290463,0.5315315315315315,1593.490173893639,0.7747747747747747,17,23,0.43478260869565216,9,7,0.5454545454545454,2,5,0.38461538461538464,0.4,0.3125,0.4444444444444444,0.43478260869565216,0.2857142857142857,0.3,0.4444444444444444,0.5714285714285714,-0.12228260869565216,-0.12698412698412698,cooling,0.453498338968256,0.016772337732158027,0.1696264381647923
ATP,Borges N.,"BORGES, Nuno (POR)",44,exact,0.22008119733752896,1593.9668086604934,0.46846846846846846,1465.9339264769264,0.12612612612612611,22,27,0.45454545454545453,5,11,0.36363636363636365,2,4,0.4166666666666667,0.5,0.45,0.4375,0.45454545454545453,0.42857142857142855,0.43333333333333335,0.4444444444444444,0.5,-0.004545454545454519,-0.05555555555555558,stable,0.3054791409737304,0.015957450002810226,0.11729004184263228
ATP,Kopriva V.,"KOPRIVA, Vit (CZE)",57,exact,0.16672999797646537,1590.2787612822437,0.45045045045045046,1478.3634326824133,0.1981981981981982,17,19,0.47619047619047616,0,3,0.3333333333333333,0,2,0.375,0.4444444444444444,0.5,0.5483870967741935,0.47619047619047616,0.2857142857142857,0.43333333333333335,0.42857142857142855,0.375,0.023809523809523836,0.05357142857142855,improving,0.29360519791653217,0.01589599051561149,0.11309421310593373
ATP,Marozsan F.,"MAROZSAN, Fabian (HUN)",46,exact,0.21091972056328379,1607.1753892395488,0.5135135135135135,1453.4879435943726,0.06306306306306306,22,25,0.4716981132075472,4,10,0.35,1,3,0.4,0.4,0.45,0.45454545454545453,0.4716981132075472,0.2857142857142857,0.36666666666666664,0.4444444444444444,0.4166666666666667,-0.021698113207547165,0.027777777777777735,slipping,0.2962067957099263,0.015790603704688995,0.11393627090652204
ATP,Brooksby J.,"BROOKSBY, Jenson (USA)",54,exact,0.17787321397664724,1592.173467351164,0.4594594594594595,1545.3150794692908,0.6486486486486487,18,23,0.44680851063829785,6,5,0.5294117647058824,3,2,0.5454545454545454,0.4,0.2857142857142857,0.32,0.44680851063829785,0.2857142857142857,0.23333333333333334,0.4444444444444444,0.5625,-0.16109422492401215,-0.11805555555555558,cooling,0.3856740268121898,0.015761939700734445,0.14523117018974382
ATP,Kecmanovic M.,"KECMANOVIC, Miomir (SRB)",41,exact,0.23463542791170222,1544.918284469307,0.26126126126126126,1510.1709603882607,0.5495495495495496,17,28,0.39215686274509803,8,10,0.4583333333333333,7,5,0.5555555555555556,0.4444444444444444,0.35714285714285715,0.3793103448275862,0.39215686274509803,0.42857142857142855,0.3,0.42857142857142855,0.45454545454545453,-0.03501400560224088,-0.025974025974025983,slipping,0.3511971351253645,0.014915681936783078,0.13261419055278656
ATP,Cerundolo J.M.,"CERUNDOLO, Juan Manuel (ARG)",48,exact,0.2021482141826919,1561.9981413949001,0.3333333333333333,1487.1421299714723,0.2882882882882883,12,13,0.4838709677419355,0,1,0.42857142857142855,0,1,0.42857142857142855,0.6,0.4375,0.4583333333333333,0.4838709677419355,0.5714285714285714,0.43333333333333335,0.5,0.5,-0.0463709677419355,0.0,slipping,0.3121061685372236,0.014228306297660592,0.11848555808150764
ATP,Ugo Carabelli C.,"UGO CARABELLI, Camilo (ARG)",62,exact,0.14940052708758922,1560.050070093505,0.32432432432432434,1459.8288800653459,0.09009009009009009,18,24,0.4375,0,3,0.3333333333333333,0,1,0.42857142857142855,0.5,0.55,0.46875,0.4375,0.5714285714285714,0.5,0.5,0.375,0.11250000000000004,0.125,surging,0.25671015334688385,0.013726463229503607,0.0987707547705867
ATP,Svajda Z.,"SVAJDA, Zachary (USA)",78,exact,0.10208539730539301,1514.0740721897878,0.17117117117117117,1476.0361172548812,0.17117117117117117,8,11,0.44,0,2,0.375,0,0,0.5,0.5454545454545454,0.5,0.42857142857142855,0.44,0.5714285714285714,0.43333333333333335,0.42857142857142855,0.42857142857142855,0.06,0.0,improving,0.23272666244926105,0.01320581442411156,0.09003811123291389
ATP,Van Assche L.,"VAN ASSCHE, Luca (FRA)",95,exact,0.06144919880986455,1507.2163493752096,0.14414414414414414,1469.9855885132172,0.15315315315315314,3,3,0.5,1,3,0.4,0,2,0.375,0.5,0.5454545454545454,0.5454545454545454,0.5,0.5714285714285714,0.43333333333333335,0.5,0.5,0.045454545454545414,0.0,improving,0.21041606174508143,0.013112572457206697,0.08216879370796284
ATP,Halys Q.,"HALYS, Quentin (FRA)",81,exact,0.09430714244505345,1559.8922818456997,0.3153153153153153,1489.11061086696,0.3153153153153153,11,22,0.358974358974359,6,7,0.47368421052631576,5,4,0.5333333333333333,0.5,0.4166666666666667,0.48148148148148145,0.358974358974359,0.42857142857142855,0.5,0.42857142857142855,0.3333333333333333,0.05769230769230771,0.09523809523809523,improving,0.2748588139548509,0.013044359807288413,0.10467941875893527
ATP,Carreno Busta P.,"CARRENO BUSTA, Pablo (ESP)",83,manual_alias,0.0892800812361535,1616.7057633673937,0.5585585585585585,1472.1672042177902,0.16216216216216217,8,11,0.44,0,1,0.42857142857142855,0,1,0.42857142857142855,0.5555555555555556,0.5,0.42105263157894735,0.44,0.42857142857142855,0.43333333333333335,0.5,0.5,0.06,0.0,improving,0.2913419634874673,0.013020884292532476,0.11043326201075968
ATP,Wu Y.,"WU, Yibing (CHN)",85,exact,0.08437272340889967,1596.3629406161097,0.4774774774774775,1457.79417768758,0.08108108108108109,10,10,0.5,0,3,0.3333333333333333,0,1,0.42857142857142855,0.4444444444444444,0.4,0.4444444444444444,0.5,0.2857142857142857,0.43333333333333335,0.42857142857142855,0.42857142857142855,-0.09999999999999998,0.0,cooling,0.2515727284546666,0.0129721327696032,0.09648234125937538
ATP,Trungelliti M.,"TRUNGELLITI, Marco (ARG)",73,exact,0.1157393487314261,1489.4577553951215,0.05405405405405406,1483.2464017750945,0.22522522522522523,5,7,0.4444444444444444,0,0,0.5,0,1,0.42857142857142855,0.5,0.47058823529411764,0.47058823529411764,0.4444444444444444,0.2857142857142857,0.43333333333333335,0.5,0.5,0.02614379084967322,0.0,improving,0.22000285277259127,0.012687355753952185,0.08524777971047585
ATP,Hijikata R.,"HIJIKATA, Rinky (AUS)",94,exact,0.06363016404605182,1562.5721384363162,0.34234234234234234,1500.154709867783,0.4774774774774775,13,16,0.45714285714285713,7,11,0.4166666666666667,1,2,0.4444444444444444,0.5,0.4666666666666667,0.48148148148148145,0.45714285714285713,0.5714285714285714,0.43333333333333335,0.5454545454545454,0.5,0.009523809523809545,0.045454545454545414,stable,0.30034630248354544,0.012239515008745414,0.11307689062492542
ATP,Wawrinka S.,"WAWRINKA, Stan (SUI)",105,exact,0.04082206890483964,1536.026918815979,0.24324324324324326,1573.5475544875799,0.7387387387387387,9,13,0.42857142857142855,3,2,0.5454545454545454,3,3,0.5,0.42857142857142855,0.36363636363636365,0.45,0.42857142857142855,0.2857142857142857,0.36666666666666664,0.5,0.5,-0.0649350649350649,0.0,slipping,0.31738610665342104,0.012076900140415328,0.11893512241996733
ATP,Bautista Agut R.,"BAUTISTA AGUT, Roberto (ESP)",91,exact,0.07031505140018623,1541.052850476646,0.25225225225225223,1650.492453680362,0.8828828828828829,8,17,0.3548387096774194,11,10,0.5185185185185185,7,4,0.5882352941176471,0.375,0.3333333333333333,0.3333333333333333,0.3548387096774194,0.2857142857142857,0.36666666666666664,0.42857142857142855,0.45454545454545453,-0.021505376344086058,-0.025974025974025983,slipping,0.3509707795865591,0.01196798115146631,0.13061896060374878
ATP,Fery A.,"FERY, Arthur (GBR)",108,exact,0.035016071119504444,1511.3877747031534,0.16216216216216217,1495.6622239055441,0.36936936936936937,4,5,0.4666666666666667,3,4,0.46153846153846156,1,3,0.4,0.5555555555555556,0.5555555555555556,0.5,0.4666666666666667,0.42857142857142855,0.43333333333333335,0.5555555555555556,0.5454545454545454,0.0888888888888889,0.010101010101010166,surging,0.2424676883818214,0.011873225182463223,0.09258128730223858
ATP,Svrcina D.,"SVRCINA, Dalibor (CZE)",103,exact,0.044785638973825925,1517.6701286616826,0.1981981981981982,1500.0,0.45045045045045046,5,8,0.42105263157894735,0,0,0.5,0,0,0.5,0.5,0.42857142857142855,0.4166666666666667,0.42105263157894735,0.42857142857142855,0.43333333333333335,0.5,0.5,0.007518796992481203,0.0,stable,0.2650014379256449,0.011721699931197524,0.1003696082292541
ATP,Giron M.,"GIRON, Marcos (USA)",76,exact,0.10743892665091637,1559.0728458246444,0.3063063063063063,1563.5652759910356,0.7027027027027027,17,27,0.4,14,11,0.5483870967741935,5,5,0.5,0.4,0.3076923076923077,0.4074074074074074,0.4,0.2857142857142857,0.3,0.4444444444444444,0.5,-0.09230769230769231,-0.05555555555555558,cooling,0.3391284903716728,0.011362176729223527,0.12608038650408077
ATP,Quinn E.,"QUINN, Ethan (USA)",43,exact,0.22481932075684308,1515.7530979689604,0.1891891891891892,1514.795527150485,0.5675675675675675,13,23,0.38095238095238093,5,5,0.5,1,1,0.5,0.4444444444444444,0.3333333333333333,0.38461538461538464,0.38095238095238093,0.2857142857142857,0.3,0.5,0.5,-0.047619047619047616,0.0,slipping,0.33092139258077496,0.011142435522923473,0.12306507049317147
ATP,Baez S.,"BAEZ, Sebastian (ARG)",56,exact,0.17037786827748502,1580.637877162282,0.40540540540540543,1447.9106700250634,0.036036036036036036,18,23,0.44680851063829785,1,5,0.3333333333333333,1,3,0.4,0.5,0.4,0.5151515151515151,0.44680851063829785,0.2857142857142857,0.36666666666666664,0.5,0.5,-0.04680851063829783,0.0,slipping,0.2527827621960187,0.011113028905532524,0.09569743555720268
ATP,Wendelken H.,"WENDELKEN, Harry (GBR)",111,exact,0.029369161949984846,1491.9839096260932,0.06306306306306306,1484.1115570102913,0.23423423423423423,0,1,0.42857142857142855,0,1,0.42857142857142855,0,0,0.5,0.42857142857142855,0.42857142857142855,0.42857142857142855,0.42857142857142855,0.3333333333333333,0.4166666666666667,0.42857142857142855,0.42857142857142855,0.0,0.0,stable,0.19324394699561856,0.01106807161696888,0.07482962799949627
ATP,De Jong J.,"DE JONG, Jesper (NED)",101,exact,0.048826931035457766,1563.2023872781924,0.35135135135135137,1462.787846266575,0.10810810810810811,12,14,0.46875,1,3,0.4,1,1,0.5,0.6,0.46153846153846156,0.35294117647058826,0.46875,0.5714285714285714,0.36666666666666664,0.5,0.5,-0.007211538461538436,0.0,stable,0.23835538798420183,0.010453328629715337,0.0902190494037856
ATP,Damm M.,"DAMM, Martin (USA)",104,exact,0.042794325979844006,1484.8734784789444,0.04504504504504504,1488.1077997596692,0.2972972972972973,6,9,0.42857142857142855,1,2,0.4444444444444444,0,0,0.5,0.4444444444444444,0.4166666666666667,0.42105263157894735,0.42857142857142855,0.42857142857142855,0.36666666666666664,0.4444444444444444,0.4444444444444444,-0.011904761904761862,0.0,stable,0.2072945857458067,0.010153243857288457,0.07915271351826983
ATP,Pinnington Jones J.,"PINNINGTON JONES, Jack (GBR)",107,exact,0.03693328765697901,1505.8996247562397,0.13513513513513514,1466.4787931752335,0.13513513513513514,3,5,0.42857142857142855,1,3,0.4,1,1,0.5,0.42857142857142855,0.375,0.45454545454545453,0.42857142857142855,0.42857142857142855,0.4230769230769231,0.42857142857142855,0.4,-0.05357142857142855,0.028571428571428525,slipping,0.18884242508124324,0.0101245430735265,0.07267580177622736
ATP,Vukic A.,"VUKIC, Aleksandar (AUS)",92,exact,0.06806257770614088,1521.0919265512762,0.21621621621621623,1505.780865623196,0.5045045045045045,13,21,0.4,11,11,0.5,3,3,0.5,0.42857142857142855,0.4,0.375,0.4,0.2857142857142857,0.36666666666666664,0.5,0.4444444444444444,0.0,0.05555555555555558,stable,0.2788596210419969,0.010109013726271536,0.10417172628677542
ATP,Popyrin A.,"POPYRIN, Alexei (AUS)",55,exact,0.17409146949647714,1599.0530591962797,0.4864864864864865,1430.2996344968624,0.0,12,24,0.35714285714285715,4,8,0.3888888888888889,2,5,0.38461538461538464,0.375,0.47368421052631576,0.35714285714285715,0.35714285714285715,0.42857142857142855,0.43333333333333335,0.42857142857142855,0.375,0.11654135338345861,0.05357142857142855,surging,0.2646842263784052,0.009934200629599075,0.09909670964168123
ATP,Nava E.,"NAVA, Emilio (USA)",89,exact,0.07489522414765748,1503.537500342594,0.12612612612612611,1485.6107070741057,0.2702702702702703,10,16,0.40625,0,1,0.42857142857142855,0,0,0.5,0.42857142857142855,0.4166666666666667,0.36363636363636365,0.40625,0.42857142857142855,0.36666666666666664,0.5,0.5,0.010416666666666685,0.0,stable,0.2251497869030899,0.00982113248391043,0.08518616153062324
ATP,Altmaier D.,"ALTMAIER, Daniel (GER)",59,exact,0.15962242151973682,1582.1596320321114,0.4144144144144144,1494.812649940343,0.36036036036036034,17,28,0.39215686274509803,5,7,0.4444444444444444,1,4,0.36363636363636365,0.5,0.5,0.3870967741935484,0.39215686274509803,0.5714285714285714,0.5,0.5454545454545454,0.46153846153846156,0.10784313725490197,0.08391608391608385,surging,0.31708995116312405,0.009724155552153375,0.1173021840159931
ATP,Arnaldi M.,"ARNALDI, Matteo (ITA)",88,exact,0.07722405448038594,1625.471962985481,0.5855855855855856,1450.2980893718009,0.05405405405405406,11,16,0.42424242424242425,1,5,0.3333333333333333,0,3,0.3333333333333333,0.7,0.6,0.5,0.42424242424242425,0.7142857142857143,0.5666666666666667,0.5,0.42857142857142855,0.17575757575757572,0.07142857142857145,surging,0.27097030746489686,0.009468913104097138,0.10099440113037704
ATP,Bergs Z.,"BERGS, Zizou (BEL)",35,exact,0.2672452832935762,1578.2924409790176,0.3963963963963964,1447.9973754117989,0.04504504504504504,14,23,0.3953488372093023,4,8,0.3888888888888889,0,3,0.3333333333333333,0.3333333333333333,0.375,0.4,0.3953488372093023,0.14285714285714285,0.36666666666666664,0.375,0.3,-0.020348837209302306,0.07500000000000001,slipping,0.2741850023297762,0.009200090966524117,0.10194480994366235
ATP,Shimabukuro S.,"SHIMABUKURO, Sho (JPN)",97,exact,0.05715530825898174,1502.8232582405508,0.11711711711711711,1501.9104869440423,0.4864864864864865,4,7,0.4117647058823529,2,3,0.45454545454545453,0,1,0.42857142857142855,0.5,0.5,0.4,0.4117647058823529,0.42857142857142855,0.36666666666666664,0.5,0.5,0.08823529411764708,0.0,surging,0.25571608210970614,0.008804719196063404,0.09522369621583836
ATP,Walton A.,"WALTON, Adam (AUS)",93,exact,0.06583445555599543,1507.7911045687915,0.15315315315315314,1476.236751557273,0.18018018018018017,13,20,0.41025641025641024,2,4,0.4166666666666667,1,2,0.4444444444444444,0.5,0.45454545454545453,0.38095238095238093,0.41025641025641024,0.42857142857142855,0.43333333333333335,0.5,0.42857142857142855,0.04428904428904429,0.07142857142857145,improving,0.2091437927519009,0.008125647111115934,0.07848199808539066
ATP,Samuel T.,"SAMUEL, Toby (GBR)",109,exact,0.03311652503186768,1484.2807891349855,0.036036036036036036,1482.7170669325533,0.21621621621621623,0,2,0.375,0,1,0.42857142857142855,0,0,0.5,0.375,0.375,0.375,0.375,0.25,0.35714285714285715,0.42857142857142855,0.42857142857142855,0.0,0.0,stable,0.1773859822180453,0.007882245793499458,0.0672085535420905
ATP,Shevchenko A.,"SHEVCHENKO, Aleksandr (KAZ)",82,exact,0.09177828505455943,1567.5641338612297,0.36936936936936937,1460.8296703775595,0.0990990990990991,14,17,0.4594594594594595,1,4,0.36363636363636365,0,3,0.3333333333333333,0.42857142857142855,0.38461538461538464,0.4583333333333333,0.4594594594594595,0.2857142857142857,0.43333333333333335,0.5,0.42857142857142855,-0.07484407484407485,0.07142857142857145,slipping,0.22765298143415197,0.007655367114215042,0.08465453212619295
ATP,Muller A.,"MULLER, Alexandre (FRA)",100,exact,0.050877687175039155,1567.3266785721185,0.36036036036036034,1485.7355697676858,0.27927927927927926,11,20,0.3783783783783784,2,5,0.38461538461538464,2,3,0.45454545454545453,0.5,0.45454545454545453,0.4117647058823529,0.3783783783783784,0.42857142857142855,0.36666666666666664,0.5,0.375,0.07616707616707613,0.125,improving,0.25468696466509083,0.007328267694272953,0.09390381163405921
ATP,Dzumhur D.,"DZUMHUR, Damir (BIH)",80,exact,0.09686741501609109,1501.639249882931,0.10810810810810811,1529.6652718845114,0.6216216216216216,14,27,0.3617021276595745,0,2,0.375,0,1,0.42857142857142855,0.42857142857142855,0.4666666666666667,0.38461538461538464,0.3617021276595745,0.42857142857142855,0.43333333333333335,0.5,0.375,0.10496453900709218,0.125,surging,0.27939469516035403,0.007032531414037057,0.102359288725248
ATP,Kovacevic A.,"KOVACEVIC, Aleksandar (USA)",86,exact,0.08196217789970028,1500.4716342559216,0.0990990990990991,1442.3822555801617,0.018018018018018018,17,28,0.39215686274509803,2,7,0.3333333333333333,0,2,0.375,0.3333333333333333,0.4,0.4375,0.39215686274509803,0.2857142857142857,0.36666666666666664,0.375,0.3333333333333333,0.007843137254901988,0.041666666666666685,stable,0.15903525434169555,0.006490823572033727,0.059881374341415355
ATP,Duckworth J.,"DUCKWORTH, James (AUS)",75,exact,0.11016875850058849,1481.595557093111,0.02702702702702703,1484.837351921152,0.26126126126126126,9,16,0.3870967741935484,6,8,0.45,2,4,0.4166666666666667,0.4444444444444444,0.4,0.2777777777777778,0.3870967741935484,0.2857142857142857,0.3,0.5,0.45454545454545453,0.012903225806451646,0.04545454545454547,stable,0.20665033056757642,0.005480398680652125,0.07588987484107562
ATP,Ofner S.,"OFNER, Sebastian (AUT)",84,exact,0.08681179674589135,1524.7333739574303,0.22522522522522523,1510.9824146190904,0.5585585585585585,3,13,0.2727272727272727,5,7,0.4444444444444444,1,3,0.4,0.42857142857142855,0.4166666666666667,0.4166666666666667,0.2727272727272727,0.42857142857142855,0.3,0.5,0.5,0.14393939393939398,0.0,surging,0.2781996654779167,0.0051594103502538655,0.10072349964493585
ATP,Choinski J.,"CHOINSKI, Jan (GBR)",96,exact,0.059291071325549116,1444.7311255936165,0.009009009009009009,1455.0627003293882,0.07207207207207207,0,4,0.3,1,3,0.4,1,2,0.4444444444444444,0.5,0.42857142857142855,0.3333333333333333,0.3,0.14285714285714285,0.23333333333333334,0.5,0.5,0.12857142857142856,0.0,surging,0.1455669115382892,0.004196485126675535,0.05367613437074032
ATP,Royer V.,"ROYER, Valentin (FRA)",67,exact,0.133415829934604,1472.5017046872797,0.018018018018018018,1488.452485427355,0.3063063063063063,11,23,0.35,0,1,0.42857142857142855,0,1,0.42857142857142855,0.5,0.36363636363636365,0.23809523809523808,0.35,0.2857142857142857,0.3,0.5,0.42857142857142855,0.013636363636363669,0.07142857142857145,stable,0.21487500672620216,0.004129525358230898,0.07789044383702083
ATP,Kypson P.,"KYPSON, Patrick (USA)",87,exact,0.07957950059303875,1436.3529688501683,0.0,1500.0,0.4144144144144144,1,8,0.26666666666666666,0,0,0.5,0,0,0.5,0.5,0.3333333333333333,0.2857142857142857,0.26666666666666666,0.2857142857142857,0.23333333333333334,0.5,0.5,0.06666666666666665,0.0,improving,0.2137593046937723,0.003997725297569813,0.07741427808624067
ATP,Fearnley J.,"FEARNLEY, Jacob (GBR)",106,exact,0.03886850649097151,1492.353365094429,0.07207207207207207,1490.6822053944356,0.3333333333333333,4,15,0.28,4,6,0.4375,1,2,0.4444444444444444,0.42857142857142855,0.375,0.3333333333333333,0.28,0.2857142857142857,0.23333333333333334,0.5,0.4444444444444444,0.09499999999999997,0.05555555555555558,surging,0.1948860880515015,0.003683880373063292,0.07060465306051666
WTA,Rybakina E.,"RYBAKINA, Elena (KAZ)",2,exact,0.8571428571428572,1972.8587829046196,0.990909090909091,1669.601399689379,0.9272727272727272,59,16,0.7654320987654321,14,7,0.6296296296296297,19,4,0.7586206896551724,0.45454545454545453,0.625,0.7391304347826086,0.7654320987654321,0.42857142857142855,0.5,0.4444444444444444,0.5,-0.14043209876543206,-0.05555555555555558,cooling,0.8246305722799976,0.5600964737183693,0.6526834082149392
WTA,Sabalenka A.,"SABALENKA, Aryna",1,exact,1.0,2067.710455601854,1.0,1723.591378176271,0.990909090909091,54,9,0.8260869565217391,15,4,0.72,15,3,0.75,0.6428571428571429,0.6956521739130435,0.8181818181818182,0.8260869565217391,0.5714285714285714,0.6333333333333333,0.5555555555555556,0.6666666666666666,-0.13043478260869568,-0.11111111111111105,cooling,0.9009092038396387,0.5461211887234166,0.6702969940140944
WTA,Pegula J.,"PEGULA, Jessica (USA)",5,exact,0.6682959864446625,1949.1656613763564,0.9727272727272728,1659.2181547497366,0.9181818181818182,51,17,0.7297297297297297,19,8,0.6666666666666666,8,5,0.5789473684210527,0.5454545454545454,0.6521739130434783,0.75,0.7297297297297297,0.5714285714285714,0.5666666666666667,0.6,0.6666666666666666,-0.07755581668625144,-0.06666666666666665,slipping,0.7469726677717996,0.41931889736421607,0.5339977170068704
WTA,Gauff C.,"GAUFF, Coco (USA)",4,exact,0.7142857142857143,1915.5486996895731,0.9545454545454546,1573.9216030498314,0.7727272727272727,40,16,0.6935483870967742,7,7,0.5,8,5,0.5789473684210527,0.5,0.6086956521739131,0.6842105263157895,0.6935483870967742,0.42857142857142855,0.6333333333333333,0.42857142857142855,0.375,-0.08485273492286116,0.05357142857142855,cooling,0.7157889320393934,0.3806716228963025,0.4979626810963843
WTA,Svitolina E.,"SVITOLINA, Elina (UKR)",7,exact,0.5989492968489136,1916.690305471891,0.9636363636363636,1610.9535199128456,0.8454545454545455,36,14,0.6964285714285714,13,6,0.64,12,4,0.6818181818181818,0.6153846153846154,0.6956521739130435,0.7391304347826086,0.6964285714285714,0.5714285714285714,0.7,0.5,0.5,-0.0007763975155279379,0.0,stable,0.7166625282650539,0.3429374324765563,0.47374121600253044
WTA,Swiatek I.,"SWIATEK, Iga (POL)",3,exact,0.7735767856112634,1953.6806853340602,0.9818181818181818,1740.2953407112307,1.0,47,14,0.746268656716418,19,3,0.7857142857142857,18,4,0.75,0.6,0.6666666666666666,0.6774193548387096,0.746268656716418,0.5714285714285714,0.7,0.5,0.7647058823529411,-0.07960199004975133,-0.2647058823529411,slipping,0.8202805330877317,0.27883374590187565,0.46834012141692527
WTA,Anisimova A.,"ANISIMOVA, Amanda (USA)",6,exact,0.6307196427541205,1873.3923681013002,0.9181818181818182,1671.440037983566,0.9363636363636364,35,13,0.7037037037037037,13,4,0.6956521739130435,10,3,0.6842105263157895,0.5,0.5,0.6153846153846154,0.7037037037037037,0.42857142857142855,0.5666666666666667,0.5,0.6666666666666666,-0.20370370370370372,-0.16666666666666663,cooling,0.7239357249711759,0.24156975816009948,0.4103978465439762
WTA,Muchova K.,"MUCHOVA, Karolina (CZE)",9,exact,0.5471535712225267,1881.3181242587998,0.9272727272727272,1535.6837251781083,0.6545454545454545,35,15,0.6785714285714286,3,5,0.42857142857142855,4,5,0.4666666666666667,0.5454545454545454,0.5555555555555556,0.7105263157894737,0.6785714285714286,0.5714285714285714,0.5666666666666667,0.5,0.4444444444444444,-0.12301587301587302,0.05555555555555558,cooling,0.6208377347804901,0.23051693188069342,0.3671292128956223
WTA,Keys M.,"KEYS, Madison (USA)",18,exact,0.40429642836538393,1821.353943799727,0.8909090909090909,1696.4475698567257,0.9636363636363636,24,15,0.6,19,6,0.7096774193548387,12,3,0.7142857142857143,0.6153846153846154,0.631578947368421,0.625,0.6,0.5714285714285714,0.5666666666666667,0.5555555555555556,0.5833333333333334,0.03157894736842104,-0.02777777777777779,improving,0.654646450117219,0.17595877923102088,0.3434994640411902
WTA,Kostyuk M.,"KOSTYUK, Marta (UKR)",14,exact,0.45609215399177083,1890.5295379418117,0.9363636363636364,1463.519357536587,0.11818181818181818,31,10,0.723404255319149,3,7,0.375,5,5,0.5,0.6666666666666666,0.8260869565217391,0.7575757575757576,0.723404255319149,0.7142857142857143,0.7666666666666667,0.5,0.42857142857142855,0.10268270120259015,0.07142857142857145,surging,0.5233700465561986,0.15913616816107087,0.28661802559936556
WTA,Bencic B.,"BENCIC, Belinda (SUI)",10,exact,0.5254388435875196,1832.2250960086767,0.9,1687.5105791045844,0.9545454545454546,32,16,0.6481481481481481,8,3,0.6470588235294118,8,4,0.6111111111111112,0.6,0.6111111111111112,0.6206896551724138,0.6481481481481481,0.5714285714285714,0.5666666666666667,0.5,0.6153846153846154,-0.03703703703703698,-0.11538461538461542,slipping,0.6853270539043523,0.15864402067741165,0.3429830823068409
WTA,Jovic I.,"JOVIC, Iva (USA)",16,exact,0.4285714285714286,1736.0170455126383,0.8272727272727273,1529.2296292227977,0.6363636363636364,36,19,0.639344262295082,3,2,0.5454545454545454,0,1,0.42857142857142855,0.6153846153846154,0.6086956521739131,0.6444444444444445,0.639344262295082,0.5714285714285714,0.5666666666666667,0.6,0.5454545454545454,-0.03064861012116893,0.054545454545454564,slipping,0.5646303190750803,0.1540019620858747,0.2977218870320966
WTA,Noskova L.,"NOSKOVA, Linda (CZE)",11,exact,0.5057954830518145,1795.7110961912144,0.8727272727272727,1651.3610671865133,0.9,40,21,0.6417910447761194,17,8,0.6451612903225806,4,3,0.5384615384615384,0.6666666666666666,0.6666666666666666,0.6388888888888888,0.6417910447761194,0.8571428571428571,0.6333333333333333,0.7272727272727273,0.7368421052631579,0.02487562189054726,-0.009569377990430561,improving,0.6672761597192325,0.1482100773839935,0.3298832062013271
WTA,Osaka N.,"OSAKA, Naomi (JPN)",15,exact,0.4418727720559259,1845.8208906616169,0.9090909090909091,1540.310039314141,0.6818181818181818,29,12,0.6808510638297872,6,6,0.5,3,2,0.5454545454545454,0.6,0.625,0.6363636363636364,0.6808510638297872,0.5714285714285714,0.6333333333333333,0.5,0.5454545454545454,-0.05585106382978722,-0.045454545454545414,slipping,0.6023964894952282,0.13650796789206204,0.29956895045317017
WTA,Ostapenko J.,"OSTAPENKO, Jelena (LAT)",27,exact,0.32073035683379014,1704.5683334563032,0.7636363636363637,1705.3040039909715,0.9727272727272728,19,18,0.5116279069767442,11,5,0.6363636363636364,10,5,0.6190476190476191,0.5,0.5555555555555556,0.5588235294117647,0.5116279069767442,0.5714285714285714,0.5666666666666667,0.5,0.5,0.043927648578811374,0.0,improving,0.5820569645990046,0.12489488929325719,0.2849016156502688
WTA,Krejcikova B.,"KREJCIKOVA, Barbora (CZE)",40,exact,0.23972455787323388,1776.208132654653,0.8454545454545455,1706.7277407736813,0.9818181818181818,21,9,0.6666666666666666,18,5,0.7241379310344828,14,3,0.7391304347826086,0.6363636363636364,0.6153846153846154,0.5625,0.6666666666666666,0.7142857142857143,0.5666666666666667,0.7,0.7333333333333333,-0.05128205128205121,-0.033333333333333326,slipping,0.6053208483758785,0.12367229979749746,0.2922492917999308
WTA,Andreeva M.,"ANDREEVA, Mirra",8,exact,0.5714285714285714,1913.97022400277,0.9454545454545454,1537.9112914036396,0.6636363636363637,45,16,0.7164179104477612,7,6,0.5263157894736842,6,3,0.6,0.7692307692307693,0.8064516129032258,0.7647058823529411,0.7164179104477612,0.8571428571428571,0.7666666666666667,0.5,0.6153846153846154,0.0900337024554646,-0.11538461538461542,surging,0.6739937626927213,0.1225940550247954,0.3155839527085694
WTA,Cirstea S.,"CIRSTEA, Sorana (ROU)",17,exact,0.4160767369642372,1809.8368820904789,0.8818181818181818,1468.4810596806685,0.15454545454545454,47,20,0.684931506849315,3,7,0.375,5,5,0.5,0.6153846153846154,0.6666666666666666,0.7045454545454546,0.684931506849315,0.5714285714285714,0.6333333333333333,0.5,0.4444444444444444,-0.0182648401826484,0.05555555555555558,stable,0.4910284151747149,0.11879716527809624,0.24907810274191278
WTA,Mertens E.,"MERTENS, Elise (BEL)",22,exact,0.36293834019467175,1706.4278508932648,0.7727272727272727,1618.045195847605,0.8636363636363636,25,19,0.56,14,7,0.6296296296296297,9,5,0.6,0.5,0.5263157894736842,0.5625,0.56,0.42857142857142855,0.5,0.5,0.5714285714285714,-0.03368421052631587,-0.0714285714285714,slipping,0.57640689689096,0.11849385310685986,0.27876341843129493
WTA,Potapova A.,"POTAPOVA, Anastasia (AUT)",26,exact,0.3285086116941296,1792.0790126531913,0.8636363636363636,1554.5512265231537,0.7090909090909091,26,16,0.6041666666666666,6,5,0.5294117647058824,2,3,0.45454545454545453,0.6363636363636364,0.72,0.6486486486486487,0.6041666666666666,0.7142857142857143,0.6333333333333333,0.5714285714285714,0.5714285714285714,0.11583333333333334,0.0,surging,0.5583552317240997,0.11425715430715688,0.26969148140308685
WTA,Cocciaretto E.,"COCCIARETTO, Elisabetta (ITA)",37,exact,0.25579237633872143,1612.850297447119,0.5636363636363636,1558.7299307776636,0.7272727272727273,20,17,0.5348837209302325,10,6,0.5909090909090909,5,3,0.5714285714285714,0.42857142857142855,0.4666666666666667,0.5862068965517241,0.5348837209302325,0.42857142857142855,0.43333333333333335,0.5,0.5,-0.06821705426356584,0.0,slipping,0.4700333506973655,0.10775909649442705,0.2345550854654555
WTA,Siniakova K.,"SINIAKOVA, Katerina (CZE)",33,exact,0.27937226866307807,1669.9952163140251,0.7272727272727273,1572.3983998824335,0.7636363636363637,21,18,0.5333333333333333,15,8,0.6206896551724138,5,5,0.5,0.5,0.5,0.5185185185185185,0.5333333333333333,0.42857142857142855,0.5,0.5,0.5,-0.033333333333333326,0.0,slipping,0.5113995959345286,0.09774723032827048,0.2425255582904608
WTA,Raducanu E.,"RADUCANU, Emma (GBR)",34,manual_alias,0.2732195941070943,1712.8639369682985,0.7909090909090909,1633.8041560825216,0.8818181818181818,24,17,0.574468085106383,16,7,0.6551724137931034,9,3,0.6666666666666666,0.5833333333333334,0.5384615384615384,0.56,0.574468085106383,0.7142857142857143,0.5,0.6363636363636364,0.625,-0.036006546644844595,0.011363636363636354,slipping,0.5676297248909051,0.09580640066526196,0.26094456414423706
WTA,Shnaider D.,"SHNAIDER, Diana",24,exact,0.3450053570398348,1735.6257700351437,0.8181818181818182,1577.4367450168154,0.7818181818181819,28,23,0.543859649122807,13,8,0.5925925925925926,3,2,0.5454545454545454,0.6153846153846154,0.5909090909090909,0.5675675675675675,0.543859649122807,0.5714285714285714,0.5666666666666667,0.42857142857142855,0.4,0.047049441786283897,0.028571428571428525,improving,0.5636173940098244,0.0945805725794122,0.25874346008005644
WTA,Kalinskaya A.,"KALINSKAYA, Anna",21,exact,0.37252608246017704,1772.116872570144,0.8363636363636363,1502.8138809048858,0.4818181818181818,33,18,0.631578947368421,6,2,0.6428571428571429,4,2,0.5833333333333334,0.6363636363636364,0.6111111111111112,0.5882352941176471,0.631578947368421,0.7142857142857143,0.5666666666666667,0.5,0.5,-0.020467836257309857,0.0,slipping,0.5421049446463537,0.09352225015881097,0.2505261932294509
WTA,Paolini J.,"PAOLINI, Jasmine (ITA)",12,exact,0.4878624998969776,1730.3731204342557,0.8090909090909091,1564.4420168925653,0.7545454545454545,27,21,0.5555555555555556,9,7,0.5454545454545454,6,5,0.5294117647058824,0.5,0.46153846153846156,0.5,0.5555555555555556,0.42857142857142855,0.43333333333333335,0.5,0.5454545454545454,-0.09401709401709402,-0.045454545454545414,cooling,0.5906921104870175,0.08789808388083455,0.2638759931929986
WTA,Boulter K.,"BOULTER, Katie (GBR)",64,exact,0.1428571428571429,1678.4263377220213,0.7363636363636363,1675.2672310844152,0.9454545454545454,19,19,0.5,17,8,0.6451612903225806,7,5,0.5555555555555556,0.5833333333333334,0.5263157894736842,0.5806451612903226,0.5,0.5714285714285714,0.5,0.6,0.5833333333333334,0.02631578947368418,0.016666666666666607,improving,0.5065772250763761,0.08355174430231267,0.2316106625732349
WTA,Bouzkova M.,"BOUZKOVA, Marie (CZE)",25,exact,0.3365919728893251,1716.0999249649815,0.8,1607.7130991204474,0.8363636363636363,33,20,0.6101694915254238,12,8,0.5769230769230769,9,5,0.6,0.6875,0.6666666666666666,0.5555555555555556,0.6101694915254238,0.8571428571428571,0.7,0.6923076923076923,0.625,0.05649717514124286,0.06730769230769229,improving,0.5858289703155711,0.08294978015065774,0.2589574967083774
WTA,Kessler M.,"KESSLER, Mccartney (USA)",44,exact,0.22008119733752896,1627.714575054566,0.6272727272727273,1528.9656923612695,0.6272727272727273,19,21,0.4782608695652174,6,5,0.5294117647058824,0,2,0.375,0.4,0.47058823529411764,0.4642857142857143,0.4782608695652174,0.2857142857142857,0.43333333333333335,0.375,0.3333333333333333,-0.007672634271099765,0.041666666666666685,stable,0.42614740494634223,0.08107421590049349,0.20184983206654056
WTA,Navarro E.,"NAVARRO, Emma (USA)",36,exact,0.261439285508241,1690.0390874958537,0.7545454545454545,1622.5710051650815,0.8727272727272727,23,21,0.52,19,11,0.6111111111111112,7,3,0.625,0.5714285714285714,0.65,0.53125,0.52,0.7142857142857143,0.6333333333333333,0.5833333333333334,0.6111111111111112,0.13,-0.02777777777777779,surging,0.5520091633519186,0.07169028547352262,0.23980189273096122
WTA,Vekic D.,"VEKIC, Donna (CRO)",65,exact,0.1396617409959351,1659.7180552523635,0.6909090909090909,1653.032559274631,0.9090909090909091,16,16,0.5,21,10,0.6486486486486487,9,5,0.6,0.6428571428571429,0.631578947368421,0.5416666666666666,0.5,0.7142857142857143,0.6333333333333333,0.6666666666666666,0.625,0.13157894736842102,0.04166666666666663,surging,0.5040968354844879,0.06197827590350271,0.2167197717568475
WTA,Zheng Q.,"ZHENG, Qinwen (CHN)",50,exact,0.19373483003218217,1790.5437193730081,0.8545454545454545,1457.4093380946924,0.1,9,9,0.5,4,8,0.3888888888888889,2,4,0.4166666666666667,0.4,0.4666666666666667,0.5,0.5,0.2857142857142857,0.43333333333333335,0.4444444444444444,0.4,-0.033333333333333326,0.0444444444444444,slipping,0.3651316281097543,0.06148545475751459,0.16776161543079848
WTA,Eala A.,"EALA, Alexandra (PHI)",35,exact,0.2672452832935762,1645.0650434982558,0.6636363636363637,1560.5547444660972,0.7454545454545455,24,23,0.5094339622641509,7,5,0.5555555555555556,0,1,0.42857142857142855,0.5384615384615384,0.5,0.5384615384615384,0.5094339622641509,0.5714285714285714,0.5,0.5833333333333334,0.5882352941176471,-0.009433962264150941,-0.004901960784313708,stable,0.4841750976974495,0.061123847525293366,0.20919178508554798
WTA,Linette M.,"LINETTE, Magda (POL)",54,exact,0.17787321397664724,1678.5458758536977,0.7454545454545455,1521.6139702884434,0.5636363636363636,21,20,0.5106382978723404,9,8,0.5217391304347826,5,5,0.5,0.6153846153846154,0.5625,0.5833333333333334,0.5106382978723404,0.5714285714285714,0.5666666666666667,0.6,0.5454545454545454,0.051861702127659615,0.054545454545454564,improving,0.4460321436967392,0.057099081265797685,0.1932256531166272
WTA,Chwalinska M.,"CHWALINSKA, Maja (POL)",105,exact,0.04082206890483964,1615.6114709507522,0.5727272727272728,1506.1442900843756,0.509090909090909,9,3,0.6666666666666666,0,0,0.5,1,1,0.5,0.6923076923076923,0.6923076923076923,0.6875,0.6666666666666666,0.7142857142857143,0.7,0.5,0.5,0.02564102564102566,0.0,improving,0.38226515553246987,0.05658999333939225,0.1705763001069694
WTA,Li A.,"LI, Ann (USA)",28,exact,0.3132350111346279,1641.6799627911885,0.6454545454545455,1502.3423886396604,0.4727272727272727,31,26,0.5396825396825397,4,4,0.5,2,3,0.45454545454545453,0.5454545454545454,0.5652173913043478,0.5,0.5396825396825397,0.5714285714285714,0.5666666666666667,0.5555555555555556,0.5,0.02553485162180813,0.05555555555555558,improving,0.4547928626649536,0.05586072164135374,0.19548697099961368
WTA,Bartunkova N.,"BARTUNKOVA, Nikola (CZE)",61,exact,0.15275180891958762,1585.1368717999705,0.45454545454545453,1519.6210791501414,0.5545454545454546,12,10,0.5357142857142857,2,2,0.5,0,0,0.5,0.45454545454545453,0.5,0.5454545454545454,0.5357142857142857,0.42857142857142855,0.5,0.5,0.5,-0.0357142857142857,0.0,slipping,0.3779275774629445,0.0556483263765668,0.16844606425679898
WTA,Alexandrova E.,"ALEXANDROVA, Ekaterina",13,exact,0.4713657545512725,1623.2006244772122,0.6090909090909091,1651.05155106388,0.8909090909090909,29,28,0.5079365079365079,16,10,0.59375,7,3,0.625,0.3333333333333333,0.2857142857142857,0.3333333333333333,0.5079365079365079,0.14285714285714285,0.3,0.375,0.5333333333333333,-0.2222222222222222,-0.15833333333333333,cooling,0.5629015287277497,0.05357424653995522,0.23183879530568324
WTA,Tauson C.,"TAUSON, Clara (DEN)",20,exact,0.3825817007303768,1649.2250520537784,0.6818181818181818,1487.0430384876554,0.3,21,19,0.5217391304347826,6,7,0.47368421052631576,3,3,0.5,0.3333333333333333,0.3,0.4583333333333333,0.5217391304347826,0.14285714285714285,0.43333333333333335,0.375,0.5,-0.2217391304347826,-0.125,cooling,0.43099655989180147,0.05109808531859175,0.18406255141921513
WTA,Badosa P.,"BADOSA, Paula (ESP)",100,exact,0.050877687175039155,1710.4067856043519,0.7818181818181819,1602.4744141527108,0.8272727272727273,9,13,0.42857142857142855,10,5,0.6190476190476191,10,4,0.65,0.5,0.4375,0.4230769230769231,0.42857142857142855,0.42857142857142855,0.43333333333333335,0.5,0.45454545454545453,0.008928571428571452,0.04545454545454547,stable,0.4564032731313993,0.049993417622910735,0.19223686705088172
WTA,Snigur D.,"SNIGUR, Daria (UKR)",92,exact,0.06806257770614088,1571.5052272075986,0.39090909090909093,1527.5655142835744,0.6,7,4,0.5882352941176471,4,3,0.5384615384615384,1,1,0.5,0.5454545454545454,0.5384615384615384,0.5882352941176471,0.5882352941176471,0.5714285714285714,0.5666666666666667,0.5555555555555556,0.5555555555555556,-0.04977375565610864,0.0,slipping,0.35792706658003065,0.04912921799897573,0.15720846500234495
WTA,Townsend T.,"TOWNSEND, Taylor (USA)",67,exact,0.133415829934604,1667.4309804069094,0.7181818181818181,1441.7759573326728,0.045454545454545456,15,11,0.5625,0,3,0.3333333333333333,0,2,0.375,0.42857142857142855,0.45454545454545453,0.5238095238095238,0.5625,0.42857142857142855,0.43333333333333335,0.5,0.42857142857142855,-0.10795454545454547,0.07142857142857145,cooling,0.31187137972257517,0.047958377943292385,0.14032792856604137
WTA,Kalinina A.,"KALININA, Anhelina (UKR)",86,exact,0.08196217789970028,1597.1674760021797,0.509090909090909,1475.507563876742,0.2,7,4,0.5882352941176471,2,5,0.38461538461538464,2,3,0.45454545454545453,0.42857142857142855,0.625,0.5882352941176471,0.5882352941176471,0.7142857142857143,0.6333333333333333,0.5,0.5,0.03676470588235292,0.0,improving,0.3109689795989502,0.04787514652302204,0.1399579880995969
WTA,Putintseva Y.,"PUTINTSEVA, Yulia (KAZ)",69,exact,0.12735364903169,1606.0416379308945,0.5454545454545454,1528.8430786322122,0.6181818181818182,14,20,0.425,9,6,0.5714285714285714,4,5,0.4666666666666667,0.5,0.46153846153846156,0.5,0.425,0.42857142857142855,0.43333333333333335,0.5,0.42857142857142855,0.036538461538461575,0.07142857142857145,improving,0.38718221533596886,0.04741868039028758,0.16633591762127603
WTA,McNally C.,"MCNALLY, Caty (USA)",53,manual_alias,0.1817256493481143,1622.4231881601454,0.5909090909090909,1544.3556099429986,0.7,22,21,0.5102040816326531,4,3,0.5384615384615384,1,1,0.5,0.5384615384615384,0.5454545454545454,0.5,0.5102040816326531,0.5714285714285714,0.5,0.5454545454545454,0.5384615384615384,0.03525046382189234,0.006993006993006978,improving,0.4426129636426628,0.046244105702248454,0.18497320598139344
WTA,Samsonova L.,"SAMSONOVA, Liudmila",19,exact,0.39315321236520206,1600.8682886962968,0.5181818181818182,1612.8375896163611,0.8545454545454545,17,23,0.43478260869565216,17,10,0.6060606060606061,9,4,0.631578947368421,0.3333333333333333,0.375,0.35714285714285715,0.43478260869565216,0.14285714285714285,0.36666666666666664,0.375,0.5384615384615384,-0.05978260869565216,-0.16346153846153844,slipping,0.5153157183318763,0.04415362772731973,0.20906035943891452
WTA,Parry D.,"PARRY, Diane (FRA)",91,exact,0.07031505140018623,1628.145692286055,0.6363636363636364,1543.222356434701,0.6909090909090909,15,11,0.5625,7,6,0.5263157894736842,5,4,0.5333333333333333,0.5833333333333334,0.5333333333333333,0.5714285714285714,0.5625,0.5714285714285714,0.5,0.5,0.5454545454545454,-0.029166666666666674,-0.045454545454545414,slipping,0.4178781524257206,0.04377214598795278,0.1747092482411715
WTA,Siegemund L.,"SIEGEMUND, Laura (GER)",43,exact,0.22481932075684308,1622.5210814137333,0.6,1524.465357305301,0.5909090909090909,17,18,0.4878048780487805,6,5,0.5294117647058824,5,3,0.5714285714285714,0.4444444444444444,0.5,0.4583333333333333,0.4878048780487805,0.42857142857142855,0.5,0.5,0.5714285714285714,0.012195121951219523,-0.0714285714285714,stable,0.4377197317162734,0.04107664847245158,0.1799017276077892
WTA,Cristian J.,"CRISTIAN, Jaqueline (ROU)",30,exact,0.299015629198783,1662.1887810190758,0.7,1444.1267109980668,0.05454545454545454,24,27,0.47368421052631576,2,7,0.3333333333333333,1,3,0.4,0.4444444444444444,0.47368421052631576,0.4857142857142857,0.47368421052631576,0.42857142857142855,0.5,0.5,0.4,0.0,0.09999999999999998,stable,0.36083510295343846,0.03991453364537568,0.15223673290319764
WTA,Ruse E.G.,"RUSE, Elena-Gabriela (ROU)",70,exact,0.1243881404364332,1624.7815849827734,0.6181818181818182,1540.0074867577437,0.6727272727272727,10,18,0.38235294117647056,6,4,0.5625,0,3,0.3333333333333333,0.5555555555555556,0.5625,0.46153846153846156,0.38235294117647056,0.42857142857142855,0.5666666666666667,0.5555555555555556,0.5,0.18014705882352944,0.05555555555555558,surging,0.4000107805125995,0.03883484561240061,0.1652464228274702
WTA,Sonmez Z.,"SONMEZ, Zeynep (TUR)",56,exact,0.17037786827748502,1585.1502940271741,0.4636363636363636,1509.4897866836934,0.5272727272727272,19,20,0.4888888888888889,5,4,0.5333333333333333,2,1,0.5555555555555556,0.45454545454545453,0.5,0.4838709677419355,0.4888888888888889,0.42857142857142855,0.5,0.5,0.5384615384615384,0.011111111111111127,-0.038461538461538436,stable,0.38344258974946327,0.03773936634492104,0.1587354945365108
WTA,Gibson T.,"GIBSON, Talia (AUS)",52,exact,0.1856514688369868,1573.1764812050524,0.4090909090909091,1503.5666561837174,0.4909090909090909,12,14,0.46875,2,2,0.5,0,1,0.42857142857142855,0.5,0.42857142857142855,0.5185185185185185,0.46875,0.42857142857142855,0.43333333333333335,0.5555555555555556,0.5,-0.04017857142857145,0.05555555555555558,slipping,0.3544273223785433,0.03680306354559993,0.1479715541371301
WTA,Sierra S.,"SIERRA, Solana (ARG)",60,exact,0.1561584863416402,1585.0828529218613,0.44545454545454544,1531.4101991849263,0.6454545454545455,16,14,0.5277777777777778,4,2,0.5833333333333334,3,1,0.6,0.5454545454545454,0.6111111111111112,0.52,0.5277777777777778,0.5714285714285714,0.5666666666666667,0.5,0.5833333333333334,0.08333333333333337,-0.08333333333333337,surging,0.4147588517192925,0.035447679036757725,0.16820658947564487
WTA,Yastremska D.,"YASTREMSKA, Dayana (UKR)",42,exact,0.22966893960303414,1585.407700922839,0.4727272727272727,1560.2732122015987,0.7363636363636363,20,24,0.46,12,7,0.6,4,3,0.5384615384615384,0.45454545454545453,0.4117647058823529,0.40625,0.46,0.42857142857142855,0.36666666666666664,0.5,0.5333333333333333,-0.0482352941176471,-0.033333333333333326,slipping,0.43521771134302134,0.034606773750577705,0.17482060190793297
WTA,Kasatkina D.,"KASATKINA, Daria (AUS)",58,exact,0.16314557212463254,1604.9648679627187,0.5363636363636364,1587.9624324041436,0.8,13,18,0.43243243243243246,15,9,0.6,7,4,0.5882352941176471,0.5,0.4375,0.44,0.43243243243243246,0.42857142857142855,0.43333333333333335,0.42857142857142855,0.45454545454545453,0.0050675675675675436,-0.025974025974025983,stable,0.43885834004201824,0.033885262711935864,0.17562583977746468
WTA,Bondar A.,"BONDAR, Anna (HUN)",55,exact,0.17409146949647714,1560.435574227184,0.37272727272727274,1435.3581208378946,0.03636363636363636,21,22,0.4897959183673469,0,3,0.3333333333333333,0,3,0.3333333333333333,0.375,0.5238095238095238,0.48484848484848486,0.4897959183673469,0.2857142857142857,0.43333333333333335,0.42857142857142855,0.375,0.03401360544217691,0.05357142857142855,improving,0.2537161094854763,0.03368302953797641,0.11069460751960136
WTA,Tomljanovic A.,"TOMLJANOVIC, Ajla (AUS)",87,exact,0.07957950059303875,1588.3308629078208,0.4909090909090909,1587.1312000798087,0.7909090909090909,17,21,0.45454545454545453,7,6,0.5263157894736842,7,4,0.5882352941176471,0.5454545454545454,0.4,0.48148148148148145,0.45454545454545453,0.5714285714285714,0.36666666666666664,0.6,0.5,-0.05454545454545451,0.09999999999999998,slipping,0.39950939570392524,0.03253113431295266,0.16097352579979307
WTA,Bejlek S.,"BEJLEK, Sara (CZE)",32,exact,0.2857142857142857,1555.5102044276211,0.36363636363636365,1476.5736517543248,0.21818181818181817,11,10,0.5185185185185185,0,2,0.375,0,0,0.5,0.4,0.35714285714285715,0.5,0.5185185185185185,0.2857142857142857,0.36666666666666664,0.375,0.375,-0.16137566137566134,0.0,cooling,0.32795550745550744,0.030565865781324555,0.13465224036728857
WTA,Tagger L.,"TAGGER, Lilli (AUT)",88,exact,0.07722405448038594,1539.2951477810602,0.3090909090909091,1500.0,0.43636363636363634,8,7,0.5238095238095238,0,0,0.5,0,0,0.5,0.42857142857142855,0.4166666666666667,0.4375,0.5238095238095238,0.2857142857142857,0.43333333333333335,0.5,0.5,-0.10714285714285715,0.0,cooling,0.2979211674157568,0.030192180074931532,0.12389732564422037
WTA,Golubic V.,"GOLUBIC, Viktorija (SUI)",77,exact,0.10474477990072828,1601.6892498507495,0.5272727272727272,1515.1588807398566,0.5363636363636364,16,15,0.5135135135135135,5,7,0.4444444444444444,6,5,0.5294117647058824,0.6153846153846154,0.5882352941176471,0.5238095238095238,0.5135135135135135,0.5714285714285714,0.6333333333333333,0.6,0.5454545454545454,0.07472178060413359,0.054545454545454564,improving,0.37748006445799803,0.029622131274031398,0.1513724078884197
WTA,Udvardy P.,"UDVARDY, Panna (HUN)",63,exact,0.14610286807144046,1527.3813666481476,0.2818181818181818,1468.1862184325478,0.14545454545454545,15,12,0.5454545454545454,1,3,0.4,1,3,0.4,0.4444444444444444,0.5652173913043478,0.5185185185185185,0.5454545454545454,0.42857142857142855,0.5,0.5,0.5,0.01976284584980237,0.0,stable,0.2657893276041739,0.029548790102472935,0.11223297822806827
WTA,Stearns P.,"STEARNS, Peyton (USA)",89,exact,0.07489522414765748,1665.3180757614198,0.7090909090909091,1449.9056449068687,0.07272727272727272,19,19,0.5,2,5,0.38461538461538464,0,3,0.3333333333333333,0.5555555555555556,0.5294117647058824,0.5588235294117647,0.5,0.5714285714285714,0.5,0.5,0.4444444444444444,0.02941176470588236,0.05555555555555558,improving,0.2976522910232411,0.02911798538695264,0.12310499235965358
WTA,Fernandez L.,"FERNANDEZ, Leylah (CAN)",23,exact,0.3537768634204267,1510.6497245991986,0.21818181818181817,1500.0,0.36363636363636365,0,0,0.5,0,0,0.5,0,0,0.5,0.5,0.5,0.5,0.5,0.42857142857142855,0.5,0.5,0.5,0.0,0.0,stable,0.3664087025910785,0.028923933660296414,0.14704360278607012
WTA,Bouzas Maneiro J.,"BOUZAS MANEIRO, Jessica (ESP)",48,exact,0.2021482141826919,1553.6670125819674,0.35454545454545455,1528.7223668124723,0.6090909090909091,20,23,0.46938775510204084,5,4,0.5333333333333333,4,2,0.5833333333333334,0.4,0.4444444444444444,0.37037037037037035,0.46938775510204084,0.2857142857142857,0.43333333333333335,0.4444444444444444,0.5,-0.024943310657596418,-0.05555555555555558,slipping,0.38267118649970705,0.02797450467760815,0.15211834331534274
WTA,Osorio M.,"OSORIO, Camila (COL)",72,manual_alias,0.11858214265109823,1644.6009888423316,0.6545454545454545,1418.0799341028423,0.01818181818181818,17,17,0.5,2,6,0.35714285714285715,3,3,0.5,0.5555555555555556,0.5625,0.5185185185185185,0.5,0.5714285714285714,0.5666666666666667,0.5,0.375,0.0625,0.125,improving,0.30664834084109616,0.027962710069825366,0.12550268083977015
WTA,Wang X.,"WANG, Xinyu (CHN)",29,exact,0.30600271498177534,1485.2096870427802,0.08181818181818182,1500.0,0.4636363636363636,0,0,0.5,0,0,0.5,0,0,0.5,0.5,0.5,0.5,0.5,0.2857142857142857,0.375,0.5,0.5,0.0,0.0,stable,0.34024063620372613,0.02764926528201977,0.137056245104617
WTA,Valentova T.,"VALENTOVA, Tereza (CZE)",41,exact,0.23463542791170222,1577.712468471743,0.43636363636363634,1485.005213594621,0.2727272727272727,13,13,0.5,0,1,0.42857142857142855,0,0,0.5,0.375,0.36363636363636365,0.38095238095238093,0.5,0.2857142857142857,0.36666666666666664,0.42857142857142855,0.42857142857142855,-0.13636363636363635,0.0,cooling,0.3355855353667059,0.026581309646601235,0.13473278864863786
WTA,Starodubtseva Y.,"STARODUBTSEVA, Yuliia (UKR)",51,exact,0.1896535225755006,1587.0252756595473,0.4818181818181818,1494.5163180861473,0.33636363636363636,15,18,0.46153846153846156,3,4,0.46153846153846156,2,2,0.5,0.5454545454545454,0.5909090909090909,0.5384615384615384,0.46153846153846156,0.5714285714285714,0.5,0.5,0.5,0.12937062937062938,0.0,surging,0.3579932548575076,0.02638093990534801,0.14244525013860387
WTA,Pliskova K.,"PLISKOVA, Karolina (CZE) SR",38,manual_alias,0.25029606950805916,1490.9087597926664,0.11818181818181818,1500.0,0.4090909090909091,0,0,0.5,0,0,0.5,0,0,0.5,0.5,0.5,0.5,0.5,0.3333333333333333,0.4166666666666667,0.5,0.5,0.0,0.0,stable,0.320082551422508,0.025686269968458974,0.12872496847737613
WTA,Sakkari M.,"SAKKARI, Maria (GRE)",45,exact,0.21544955766718932,1616.2566436749041,0.5818181818181818,1519.1997250306497,0.5454545454545454,17,23,0.43478260869565216,6,10,0.4090909090909091,6,5,0.5294117647058824,0.45454545454545453,0.375,0.4444444444444444,0.43478260869565216,0.42857142857142855,0.36666666666666664,0.375,0.36363636363636365,-0.05978260869565216,0.011363636363636354,slipping,0.4013053324737238,0.025628649805050734,0.1571154887390863
WTA,Boisson L.,"BOISSON, Lois (FRA)",47,exact,0.2064873069031946,1592.942166655607,0.5,1485.5230922372145,0.2818181818181818,9,8,0.5217391304347826,0,1,0.42857142857142855,0,0,0.5,0.375,0.3333333333333333,0.3333333333333333,0.5217391304347826,0.2857142857142857,0.43333333333333335,0.42857142857142855,0.42857142857142855,-0.18840579710144928,0.0,cooling,0.33921760405049917,0.025032416080192587,0.1349972318697999
WTA,Oliynykova O.,"OLIYNYKOVA, Oleksandra (UKR)",62,exact,0.14940052708758922,1546.4267903087218,0.32727272727272727,1500.0,0.4,8,7,0.5238095238095238,0,0,0.5,0,0,0.5,0.5555555555555556,0.5,0.5238095238095238,0.5238095238095238,0.5714285714285714,0.5,0.5,0.5,-0.023809523809523836,0.0,slipping,0.3295445981813287,0.02375825219633698,0.13078347329108406
WTA,Begu I.,"BEGU, Irina-Camelia (ROU) SR",78,surname_initial,0.10208539730539301,1612.2555963957159,0.5545454545454546,1465.4365066860335,0.12727272727272726,6,2,0.6428571428571429,2,3,0.45454545454545453,6,5,0.5294117647058824,0.5,0.42857142857142855,0.42857142857142855,0.6428571428571429,0.7142857142857143,0.5666666666666667,0.5,0.5,-0.21428571428571436,0.0,cooling,0.3161969664430944,0.022894576622129317,0.1255504130594671
WTA,Ito A.,"ITO, Aoi (JPN) SR",84,exact,0.08681179674589135,1533.9758741883788,0.3,1483.7607615626746,0.2545454545454545,4,4,0.5,0,1,0.42857142857142855,0,1,0.42857142857142855,0.5,0.5,0.5,0.5,0.5714285714285714,0.43333333333333335,0.5,0.42857142857142855,0.0,0.07142857142857145,stable,0.26734919162744286,0.022485655729645972,0.10818789329387489
WTA,Lys E.,"LYS, Eva (GER)",76,exact,0.10743892665091637,1647.3875941416863,0.6727272727272727,1479.647563273065,0.23636363636363636,18,15,0.5384615384615384,2,4,0.4166666666666667,1,2,0.4444444444444444,0.5,0.4375,0.3888888888888889,0.5384615384615384,0.42857142857142855,0.43333333333333335,0.5,0.5,-0.10096153846153844,0.0,cooling,0.3351814802714369,0.021658604536464374,0.13139161104370475
WTA,Marcinko P.,"MARCINKO, Petra (CRO)",71,exact,0.12146469721361675,1516.3135148450217,0.23636363636363636,1500.0,0.39090909090909093,7,9,0.45454545454545453,0,0,0.5,0,0,0.5,0.42857142857142855,0.5714285714285714,0.45454545454545453,0.45454545454545453,0.7142857142857143,0.5,0.5,0.5,0.11688311688311687,0.0,surging,0.3040184150155585,0.021236369974486403,0.12021008573886162
WTA,Vandewinkel H.,"VANDEWINKEL, Hanne (BEL)",99,exact,0.05294905427434149,1506.1891461188143,0.19090909090909092,1506.9975889835382,0.5181818181818182,2,3,0.45454545454545453,1,1,0.5,0,0,0.5,0.4444444444444444,0.45454545454545453,0.45454545454545453,0.45454545454545453,0.42857142857142855,0.45,0.5,0.5,0.0,0.0,stable,0.28213552557287036,0.020993866837862054,0.11239344739511495
WTA,Birrell K.,"BIRRELL, Kimberly (AUS)",79,exact,0.09945989311755665,1561.1743837562715,0.38181818181818183,1453.4642844444027,0.09090909090909091,15,19,0.45,4,7,0.4117647058823529,0,1,0.42857142857142855,0.4,0.36363636363636365,0.46153846153846156,0.45,0.2857142857142857,0.36666666666666664,0.375,0.36363636363636365,-0.08636363636363636,0.011363636363636354,cooling,0.23952764708173488,0.020405628368492437,0.09709833491812729
WTA,Zakharova A.,"ZAKHAROVA, Anastasia",74,exact,0.11293523348157841,1523.8243739412528,0.24545454545454545,1522.774786150045,0.5818181818181818,12,19,0.40540540540540543,2,2,0.5,1,1,0.5,0.42857142857142855,0.36363636363636365,0.4166666666666667,0.40540540540540543,0.2857142857142857,0.43333333333333335,0.5,0.5,-0.04176904176904178,0.0,slipping,0.31032443610472993,0.02004136306622496,0.1216404386297017
WTA,Ruzic A.,"RUZIC, Antonia (CRO)",57,exact,0.16672999797646537,1573.9427636726118,0.42727272727272725,1469.5342130199504,0.16363636363636364,14,19,0.4358974358974359,1,3,0.4,0,0,0.5,0.4,0.35714285714285715,0.4444444444444444,0.4358974358974359,0.2857142857142857,0.3,0.375,0.375,-0.07875457875457875,0.0,slipping,0.2857628240741583,0.019573223496799328,0.11273958369887498
WTA,Joint M.,"JOINT, Maya (AUS)",31,exact,0.292257669944732,1573.5460647897364,0.41818181818181815,1554.708784501216,0.7181818181818181,20,21,0.48936170212765956,5,2,0.6153846153846154,0,1,0.42857142857142855,0.375,0.3,0.23529411764705882,0.48936170212765956,0.14285714285714285,0.16666666666666666,0.42857142857142855,0.6153846153846154,-0.18936170212765957,-0.18681318681318687,cooling,0.42502353768154477,0.01937434675999981,0.16135156358254055
WTA,Frech M.,"FRECH, Magdalena (POL)",46,exact,0.21091972056328379,1544.5605892484552,0.3181818181818182,1463.5189350183707,0.10909090909090909,14,22,0.40476190476190477,3,9,0.3333333333333333,2,4,0.4166666666666667,0.375,0.3076923076923077,0.42857142857142855,0.40476190476190477,0.2857142857142857,0.23333333333333334,0.42857142857142855,0.3333333333333333,-0.09706959706959706,0.09523809523809523,cooling,0.2553117994941754,0.018221735114102224,0.10120325764712781
WTA,Zhang S.,"ZHANG, Shuai (CHN)",68,exact,0.13036245124995138,1551.851395000639,0.34545454545454546,1493.6590199811296,0.32727272727272727,15,19,0.45,0,6,0.25,2,5,0.38461538461538464,0.3333333333333333,0.3333333333333333,0.37037037037037035,0.45,0.2857142857142857,0.36666666666666664,0.375,0.3333333333333333,-0.1166666666666667,0.041666666666666685,cooling,0.26832130721418224,0.016938313031669334,0.10492236099554884
WTA,Tjen J.,"TJEN, Janice (INA)",39,exact,0.24494254016253592,1526.8472897259564,0.2727272727272727,1472.357707169784,0.17272727272727273,17,19,0.47619047619047616,0,2,0.375,0,0,0.5,0.3333333333333333,0.3333333333333333,0.3448275862068966,0.47619047619047616,0.2857142857142857,0.3,0.375,0.375,-0.14285714285714285,0.0,cooling,0.2855951075177061,0.01671688709456569,0.11082426424266482
WTA,Sorribes Tormo S.,"SORRIBES TORMO, Sara (ESP) SR",82,exact,0.09177828505455943,1572.8815253858352,0.4,1452.740210044572,0.08181818181818182,1,2,0.4444444444444444,1,4,0.36363636363636365,3,4,0.46153846153846156,0.42857142857142855,0.42857142857142855,0.4444444444444444,0.4444444444444444,0.2857142857142857,0.43333333333333335,0.5,0.5,-0.015873015873015872,0.0,stable,0.24192131070248124,0.016142903804234873,0.09516534621862109
WTA,Klugman H.,"KLUGMAN, Hannah (GBR)",111,exact,0.029369161949984846,1491.4196359153837,0.13636363636363635,1479.0102904574783,0.22727272727272727,1,2,0.4444444444444444,1,3,0.4,0,1,0.42857142857142855,0.5,0.5,0.5,0.4444444444444444,0.3333333333333333,0.3888888888888889,0.5,0.4444444444444444,0.05555555555555558,0.05555555555555558,improving,0.2033815781332497,0.015641861257913694,0.08135076216428129
WTA,Maria T.,"MARIA, Tatjana (GER)",49,exact,0.19789859369782736,1507.5066526095839,0.2,1597.0644580570147,0.8181818181818182,14,29,0.3469387755102041,9,9,0.5,5,4,0.5333333333333333,0.5,0.5,0.38235294117647056,0.3469387755102041,0.5714285714285714,0.5,0.5454545454545454,0.5,0.15306122448979592,0.045454545454545414,surging,0.38224778514724655,0.015417899864145929,0.14380835971323114
WTA,Xu M.,"XU, Mimi (GBR)",108,exact,0.035016071119504444,1494.2783020975453,0.14545454545454545,1466.458818810744,0.13636363636363635,0,2,0.375,1,3,0.4,0,1,0.42857142857142855,0.5,0.5,0.5,0.375,0.3333333333333333,0.3888888888888889,0.5,0.375,0.125,0.125,surging,0.1858713207854538,0.01522328825587818,0.07495009964122964
WTA,Jimenez Kasintseva V.,"JIMENEZ KASINTSEVA, Victoria (AND)",103,exact,0.044785638973825925,1496.0310179212602,0.15454545454545454,1500.0,0.37272727272727274,6,9,0.42857142857142855,0,0,0.5,0,0,0.5,0.5,0.42857142857142855,0.5,0.42857142857142855,0.42857142857142855,0.36666666666666664,0.5,0.5,0.0,0.0,stable,0.24453250761460932,0.014903913335231837,0.09527392133301396
WTA,Dart H.,"DART, Harriet (GBR)",106,exact,0.03886850649097151,1471.9430259015,0.045454545454545456,1505.5327209803345,0.5,1,5,0.3333333333333333,7,11,0.4166666666666667,3,5,0.42857142857142855,0.4444444444444444,0.4444444444444444,0.4444444444444444,0.3333333333333333,0.2857142857142857,0.23333333333333334,0.4444444444444444,0.36363636363636365,0.1111111111111111,0.08080808080808077,surging,0.22434175865717212,0.013597833424046014,0.08735820725564016
WTA,Zarazua R.,"ZARAZUA, Renata (MEX)",66,exact,0.13651512580593528,1497.920828080704,0.17272727272727273,1473.1625619496717,0.19090909090909092,11,15,0.4375,1,4,0.36363636363636365,1,2,0.4444444444444444,0.3333333333333333,0.4166666666666667,0.3684210526315789,0.4375,0.2857142857142857,0.3,0.375,0.4,-0.020833333333333315,-0.025000000000000022,slipping,0.23168346914943627,0.013443720529899875,0.08982763254673762
WTA,Selekhmeteva O.,"SELEKHMETEVA, Oksana (ESP)",85,exact,0.08437272340889967,1497.4314041440475,0.16363636363636364,1500.0,0.42727272727272725,5,10,0.38095238095238093,0,0,0.5,0,0,0.5,0.42857142857142855,0.3333333333333333,0.4,0.38095238095238093,0.2857142857142857,0.36666666666666664,0.5,0.5,-0.047619047619047616,0.0,slipping,0.25612438400632215,0.013228522778057627,0.0982420742079502
WTA,Korpatsch T.,"KORPATSCH, Tamara (GER)",93,exact,0.06583445555599543,1513.0199693735271,0.22727272727272727,1396.9297083101992,0.00909090909090909,9,8,0.5217391304347826,1,5,0.3333333333333333,1,3,0.4,0.5,0.42857142857142855,0.5263157894736842,0.5217391304347826,0.42857142857142855,0.43333333333333335,0.42857142857142855,0.42857142857142855,-0.09316770186335405,0.0,cooling,0.19220476050852084,0.012963534738809426,0.07569796375820842
WTA,Parks A.,"PARKS, Alycia (USA)",75,exact,0.11016875850058849,1529.6601918078113,0.2909090909090909,1448.789492700831,0.06363636363636363,16,24,0.41304347826086957,1,4,0.36363636363636365,1,3,0.4,0.5,0.47058823529411764,0.4666666666666667,0.41304347826086957,0.42857142857142855,0.43333333333333335,0.5,0.42857142857142855,0.05754475703324807,0.07142857142857145,improving,0.2232058912551394,0.012919661901300509,0.08651984217514412
WTA,Dudeney A.,"DUDENEY, Alicia (GBR)",109,exact,0.03311652503186768,1491.103491727811,0.12727272727272726,1486.8204163097564,0.2909090909090909,0,1,0.42857142857142855,0,1,0.42857142857142855,0,0,0.5,0.42857142857142855,0.42857142857142855,0.42857142857142855,0.42857142857142855,0.3333333333333333,0.4166666666666667,0.42857142857142855,0.42857142857142855,0.0,0.0,stable,0.21567304200510506,0.012860569180022067,0.08384493466880112
WTA,Arango E.,"ARANGO, Emiliana (COL)",95,exact,0.06144919880986455,1501.9435943325946,0.18181818181818182,1476.141886960485,0.20909090909090908,11,19,0.3888888888888889,0,2,0.375,0,1,0.42857142857142855,0.42857142857142855,0.5333333333333333,0.391304347826087,0.3888888888888889,0.42857142857142855,0.5,0.5,0.42857142857142855,0.14444444444444443,0.07142857142857145,surging,0.21701921684823655,0.012845048808890116,0.08430600762266137
WTA,Podoroska N.,"PODOROSKA, Nadia (ARG) SR",104,exact,0.042794325979844006,1477.7877505416157,0.07272727272727272,1481.8865214867742,0.24545454545454545,0,0,0.5,1,4,0.36363636363636365,2,3,0.45454545454545453,0.5,0.5,0.5,0.5,0.42857142857142855,0.43333333333333335,0.5,0.5,0.0,0.0,stable,0.2056935561447771,0.012450614602644697,0.08008564414239104
WTA,Blinkova A.,"BLINKOVA, Anna",96,exact,0.059291071325549116,1509.0830077966955,0.20909090909090908,1499.6369385911619,0.34545454545454546,12,19,0.40540540540540543,10,12,0.4642857142857143,3,4,0.46153846153846156,0.3333333333333333,0.3076923076923077,0.2857142857142857,0.40540540540540543,0.14285714285714285,0.3,0.375,0.4166666666666667,-0.09771309771309772,-0.041666666666666685,cooling,0.2344610234324011,0.011797117539104934,0.08972948460175859
WTA,Swan K.,"SWAN, Katie (GBR)",107,exact,0.03693328765697901,1459.3309201523587,0.01818181818181818,1378.5865690208777,0.0,0,0,0.5,0,1,0.42857142857142855,0,3,0.3333333333333333,0.5,0.5,0.5,0.5,0.42857142857142855,0.43333333333333335,0.5,0.5,0.0,0.0,stable,0.14641309315191128,0.011714037617747855,0.058858707054705056
WTA,Tararudee L.,"TARARUDEE, Lanlana (THA)",97,exact,0.05715530825898174,1488.546610832721,0.1,1500.0,0.44545454545454544,2,3,0.45454545454545453,0,0,0.5,0,0,0.5,0.5,0.5,0.375,0.45454545454545453,0.42857142857142855,0.39285714285714285,0.5,0.5,0.04545454545454547,0.0,improving,0.2575235893878016,0.011652293562734242,0.09770724710150781
WTA,Waltert S.,"WALTERT, Simona (SUI)",90,exact,0.07259241481004641,1490.4876780529553,0.10909090909090909,1484.9054358335393,0.2636363636363636,5,8,0.42105263157894735,0,1,0.42857142857142855,0,1,0.42857142857142855,0.42857142857142855,0.4166666666666667,0.375,0.42105263157894735,0.2857142857142857,0.36666666666666664,0.5,0.5,-0.00438596491228066,0.0,stable,0.21280853858246226,0.010841730379327858,0.08153011325042489
WTA,Rakhimova K.,"RAKHIMOVA, Kamilla (UZB)",81,exact,0.09430714244505345,1526.827419434413,0.2636363636363636,1521.6708122532805,0.5727272727272728,14,22,0.40476190476190477,5,5,0.5,2,2,0.5,0.5,0.42857142857142855,0.391304347826087,0.40476190476190477,0.42857142857142855,0.43333333333333335,0.5,0.5714285714285714,0.02380952380952378,-0.0714285714285714,improving,0.31260620549171614,0.01076930310288031,0.11641221893897284
WTA,Stojsavljevic M.,"STOJSAVLJEVIC, Mika (GBR)",110,exact,0.03123432663933423,1471.7441701329394,0.03636363636363636,1472.626163026939,0.18181818181818182,0,2,0.375,0,2,0.375,0,1,0.42857142857142855,0.42857142857142855,0.42857142857142855,0.42857142857142855,0.375,0.2,0.3125,0.42857142857142855,0.375,0.05357142857142855,0.05357142857142855,improving,0.16426187324552577,0.010654774384364542,0.06441725898577097
WTA,Jones F.,"JONES, Francesca (GBR)",102,exact,0.04679637971835782,1473.8298788360935,0.05454545454545454,1433.1382536329497,0.02727272727272727,9,13,0.42857142857142855,4,7,0.4117647058823529,0,3,0.3333333333333333,0.4,0.3333333333333333,0.4117647058823529,0.42857142857142855,0.2857142857142857,0.36666666666666664,0.375,0.36363636363636365,-0.09523809523809523,0.011363636363636354,cooling,0.14126989978121138,0.00997014387466894,0.05592505844195879
WTA,Haddad Maia B.,"HADDAD MAIA, Beatriz (BRA)",73,exact,0.1157393487314261,1524.1119165462665,0.2545454545454545,1595.7956968234907,0.8090909090909091,9,18,0.36363636363636365,10,7,0.5652173913043478,5,3,0.5714285714285714,0.42857142857142855,0.3333333333333333,0.1875,0.36363636363636365,0.14285714285714285,0.16666666666666666,0.5,0.5454545454545454,-0.03030303030303033,-0.045454545454545414,slipping,0.35313300258560554,0.009869062554612602,0.13001144156546013
WTA,Seidel E.,"SEIDEL, Ella (GER)",94,exact,0.06363016404605182,1485.8045121424614,0.09090909090909091,1500.0,0.41818181818181815,11,15,0.4375,0,0,0.5,0,0,0.5,0.42857142857142855,0.3,0.2777777777777778,0.4375,0.14285714285714285,0.23333333333333334,0.5,0.5,-0.1375,0.0,cooling,0.23430964244688543,0.009658431042704248,0.08828635503416765
WTA,Erjavec V.,"ERJAVEC, Veronika (SLO)",80,exact,0.09686741501609109,1466.0097040364262,0.02727272727272727,1499.6789140193414,0.35454545454545455,2,7,0.3333333333333333,1,1,0.5,1,1,0.5,0.42857142857142855,0.42857142857142855,0.3333333333333333,0.3333333333333333,0.14285714285714285,0.3,0.5,0.5,0.09523809523809523,0.0,surging,0.2223861603752235,0.009337264046081838,0.08390437776128142
WTA,Kenin S.,"KENIN, Sofia (USA)",83,exact,0.0892800812361535,1549.7781247609305,0.33636363636363636,1489.1752681265925,0.3090909090909091,11,25,0.3333333333333333,3,7,0.375,4,4,0.5,0.375,0.38461538461538464,0.2727272727272727,0.3333333333333333,0.2857142857142857,0.3,0.42857142857142855,0.4,0.05128205128205132,0.028571428571428525,improving,0.2605112113567152,0.009038230118411544,0.09705377355181781
WTA,Jacquemot E.,"JACQUEMOT, Elsa (FRA)",59,exact,0.15962242151973682,1474.5957587927644,0.06363636363636363,1492.4336481070827,0.3181818181818182,10,16,0.40625,1,2,0.4444444444444444,1,2,0.4444444444444444,0.5,0.36363636363636365,0.3157894736842105,0.40625,0.2857142857142857,0.3,0.5,0.5,-0.042613636363636354,0.0,slipping,0.24047554340165744,0.006570867576773227,0.0884375041154827
WTA,Vidmanova D.,"VIDMANOVA, Darja (CZE)",101,exact,0.048826931035457766,1455.907771556205,0.00909090909090909,1500.0,0.45454545454545453,1,5,0.3333333333333333,0,0,0.5,0,0,0.5,0.5,0.42857142857142855,0.3,0.3333333333333333,0.14285714285714285,0.3181818181818182,0.5,0.5,0.09523809523809523,0.0,surging,0.2202600733888872,0.006450470375512729,0.08128383143019378
WTA,Kraus S.,"KRAUS, Sinja (AUT)",98,exact,0.05504145084068446,1426.1226246065896,0.0,1500.0,0.38181818181818183,2,8,0.3125,0,0,0.5,0,0,0.5,0.42857142857142855,0.3,0.2857142857142857,0.3125,0.14285714285714285,0.3,0.5,0.5,-0.012500000000000011,0.0,stable,0.19892991254365966,0.006063468484029819,0.07356672390490025
